1656498678.1233315,producer,0,4549,/theta/v=1656498234386
1656498678.1246283,consumer,0,4400,/theta/v=1656498234386
1656498678.1253967,producer,1,4549,/theta/v=1656498234386
1656498678.1261778,consumer,1,4400,/theta/v=1656498234386
1656498678.1269765,producer,2,4547,/theta/v=1656498234386
1656498678.1278198,consumer,2,4400,/theta/v=1656498234386
1656498678.1285772,producer,3,4548,/theta/v=1656498234386
1656498678.1293488,consumer,3,4400,/theta/v=1656498234386
1656498678.1299489,producer,4,4548,/theta/v=1656498234386
1656498678.1309898,consumer,4,4400,/theta/v=1656498234386
1656498678.1317165,producer,5,4549,/theta/v=1656498234386
1656498678.132691,consumer,5,4400,/theta/v=1656498234386
1656498678.133355,producer,6,4547,/theta/v=1656498234386
1656498678.134099,consumer,6,4400,/theta/v=1656498234386
1656498678.134859,producer,7,4548,/theta/v=1656498234386
1656498678.1357098,consumer,7,4400,/theta/v=1656498234386
1656498678.1364534,producer,8,4549,/theta/v=1656498234386
1656498678.1372194,consumer,8,4400,/theta/v=1656498234386
1656498678.1378875,producer,9,4548,/theta/v=1656498234386
1656498678.1387365,consumer,9,4400,/theta/v=1656498234386
1656498678.1395106,producer,10,4547,/theta/v=1656498234386
1656498678.140363,consumer,10,4400,/theta/v=1656498234386
1656498678.141026,producer,11,4548,/theta/v=1656498234386
1656498678.1417313,consumer,11,4400,/theta/v=1656498234386
1656498678.1423457,producer,12,4547,/theta/v=1656498234386
1656498678.1432543,consumer,12,4400,/theta/v=1656498234386
1656498678.1439676,producer,13,4547,/theta/v=1656498234386
1656498678.1447272,consumer,13,4400,/theta/v=1656498234386
1656498678.1453617,producer,14,4548,/theta/v=1656498234386
1656498678.1461084,consumer,14,4400,/theta/v=1656498234386
1656498678.1468751,producer,15,4548,/theta/v=1656498234386
1656498678.1476517,consumer,15,4400,/theta/v=1656498234386
1656498678.148317,producer,16,4548,/theta/v=1656498234386
1656498678.1490655,consumer,16,4400,/theta/v=1656498234386
1656498678.1497035,producer,17,4547,/theta/v=1656498234386
1656498678.1504624,consumer,17,4400,/theta/v=1656498234386
1656498678.1511252,producer,18,4549,/theta/v=1656498234386
1656498678.1520143,consumer,18,4400,/theta/v=1656498234386
1656498678.152697,producer,19,4549,/theta/v=1656498234386
1656498678.1535056,consumer,19,4400,/theta/v=1656498234386
1656498678.1542072,producer,20,4547,/theta/v=1656498234386
1656498678.1552074,consumer,20,4400,/theta/v=1656498234386
1656498678.1558456,producer,21,4549,/theta/v=1656498234386
1656498678.1566026,consumer,21,4400,/theta/v=1656498234386
1656498678.157219,producer,22,4548,/theta/v=1656498234386
1656498678.1580477,consumer,22,4400,/theta/v=1656498234386
1656498678.1587899,producer,23,4548,/theta/v=1656498234386
1656498678.1595693,consumer,23,4400,/theta/v=1656498234386
1656498678.1601534,producer,24,4547,/theta/v=1656498234386
1656498678.1609912,consumer,24,4400,/theta/v=1656498234386
1656498678.1616309,producer,25,4548,/theta/v=1656498234386
1656498678.162408,consumer,25,4400,/theta/v=1656498234386
1656498678.1631696,producer,26,4548,/theta/v=1656498234386
1656498678.1639426,consumer,26,4400,/theta/v=1656498234386
1656498678.1646378,producer,27,4548,/theta/v=1656498234386
1656498678.1653738,consumer,27,4400,/theta/v=1656498234386
1656498678.1659946,producer,28,4549,/theta/v=1656498234386
1656498678.1676667,consumer,28,4400,/theta/v=1656498234386
1656498678.168443,producer,29,4548,/theta/v=1656498234386
1656498678.1693437,consumer,29,4400,/theta/v=1656498234386
1656498678.1700087,producer,30,4549,/theta/v=1656498234386
1656498678.1708276,consumer,30,4400,/theta/v=1656498234386
1656498678.171519,producer,31,4547,/theta/v=1656498234386
1656498678.1724644,consumer,31,4400,/theta/v=1656498234386
1656498678.1731803,producer,32,4547,/theta/v=1656498234386
1656498678.173922,consumer,32,4400,/theta/v=1656498234386
1656498678.174578,producer,33,4547,/theta/v=1656498234386
1656498678.175412,consumer,33,4400,/theta/v=1656498234386
1656498678.1759892,producer,34,4547,/theta/v=1656498234386
1656498678.1766942,consumer,34,4400,/theta/v=1656498234386
1656498678.1773095,producer,35,4547,/theta/v=1656498234386
1656498678.178148,consumer,35,4400,/theta/v=1656498234386
1656498678.178951,producer,36,4549,/theta/v=1656498234386
1656498678.1796753,consumer,36,4400,/theta/v=1656498234386
1656498678.180309,producer,37,4549,/theta/v=1656498234386
1656498678.1811259,consumer,37,4400,/theta/v=1656498234386
1656498678.1817925,producer,38,4549,/theta/v=1656498234386
1656498678.1825292,consumer,38,4400,/theta/v=1656498234386
1656498678.183298,producer,39,4548,/theta/v=1656498234386
1656498678.184036,consumer,39,4400,/theta/v=1656498234386
1656498678.1847703,producer,40,4547,/theta/v=1656498234386
1656498678.1855383,consumer,40,4400,/theta/v=1656498234386
1656498678.1861348,producer,41,4548,/theta/v=1656498234386
1656498678.187048,consumer,41,4400,/theta/v=1656498234386
1656498678.1877892,producer,42,4547,/theta/v=1656498234386
1656498678.1886094,consumer,42,4400,/theta/v=1656498234386
1656498678.1892576,producer,43,4549,/theta/v=1656498234386
1656498678.190028,consumer,43,4400,/theta/v=1656498234386
1656498678.190731,producer,44,4547,/theta/v=1656498234386
1656498678.1915061,consumer,44,4400,/theta/v=1656498234386
1656498678.1921687,producer,45,4548,/theta/v=1656498234386
1656498678.1929576,consumer,45,4400,/theta/v=1656498234386
1656498678.1936784,producer,46,4549,/theta/v=1656498234386
1656498678.1945708,consumer,46,4400,/theta/v=1656498234386
1656498678.1954722,producer,47,4549,/theta/v=1656498234386
1656498678.196416,consumer,47,4400,/theta/v=1656498234386
1656498678.1971478,producer,48,4547,/theta/v=1656498234386
1656498678.1979659,consumer,48,4400,/theta/v=1656498234386
1656498678.198606,producer,49,4548,/theta/v=1656498234386
1656498678.1995604,consumer,49,4400,/theta/v=1656498234386
1656498678.2001965,producer,50,4547,/theta/v=1656498234386
1656498678.2009797,consumer,50,4400,/theta/v=1656498234386
1656498678.201595,producer,51,4548,/theta/v=1656498234386
1656498678.2023814,consumer,51,4400,/theta/v=1656498234386
1656498678.2030485,producer,52,4548,/theta/v=1656498234386
1656498678.2037928,consumer,52,4400,/theta/v=1656498234386
1656498678.204503,producer,53,4548,/theta/v=1656498234386
1656498678.2053294,consumer,53,4400,/theta/v=1656498234386
1656498678.2060368,producer,54,4548,/theta/v=1656498234386
1656498678.206781,consumer,54,4400,/theta/v=1656498234386
1656498678.2074592,producer,55,4549,/theta/v=1656498234386
1656498678.208288,consumer,55,4400,/theta/v=1656498234386
1656498678.2089992,producer,56,4548,/theta/v=1656498234386
1656498678.2097642,consumer,56,4400,/theta/v=1656498234386
1656498678.2104573,producer,57,4547,/theta/v=1656498234386
1656498678.211312,consumer,57,4400,/theta/v=1656498234386
1656498678.2121074,producer,58,4547,/theta/v=1656498234386
1656498678.2129536,consumer,58,4400,/theta/v=1656498234386
1656498678.2136762,producer,59,4548,/theta/v=1656498234386
1656498678.2144153,consumer,59,4400,/theta/v=1656498234386
1656498678.2150977,producer,60,4547,/theta/v=1656498234386
1656498678.2158878,consumer,60,4400,/theta/v=1656498234386
1656498678.216613,producer,61,4549,/theta/v=1656498234386
1656498678.217335,consumer,61,4400,/theta/v=1656498234386
1656498678.217899,producer,62,4548,/theta/v=1656498234386
1656498678.2185905,consumer,62,4400,/theta/v=1656498234386
1656498678.2193038,producer,63,4548,/theta/v=1656498234386
1656498678.220029,consumer,63,4400,/theta/v=1656498234386
1656498678.2207608,producer,64,4548,/theta/v=1656498234386
1656498678.2215667,consumer,64,4400,/theta/v=1656498234386
1656498678.2222335,producer,65,4549,/theta/v=1656498234386
1656498678.2230875,consumer,65,4400,/theta/v=1656498234386
1656498678.2236898,producer,66,4548,/theta/v=1656498234386
1656498678.2245057,consumer,66,4400,/theta/v=1656498234386
1656498678.225145,producer,67,4547,/theta/v=1656498234386
1656498678.2259161,consumer,67,4400,/theta/v=1656498234386
1656498678.2265437,producer,68,4548,/theta/v=1656498234386
1656498678.2275033,consumer,68,4400,/theta/v=1656498234386
1656498678.228231,producer,69,4548,/theta/v=1656498234386
1656498678.2289662,consumer,69,4400,/theta/v=1656498234386
1656498678.2296293,producer,70,4547,/theta/v=1656498234386
1656498678.2303927,consumer,70,4400,/theta/v=1656498234386
1656498678.2310886,producer,71,4548,/theta/v=1656498234386
1656498678.23186,consumer,71,4400,/theta/v=1656498234386
1656498678.2326632,producer,72,4547,/theta/v=1656498234386
1656498678.23356,consumer,72,4400,/theta/v=1656498234386
1656498678.2342517,producer,73,4548,/theta/v=1656498234386
1656498678.2350743,consumer,73,4400,/theta/v=1656498234386
1656498678.2357118,producer,74,4547,/theta/v=1656498234386
1656498678.2366333,consumer,74,4400,/theta/v=1656498234386
1656498678.2374418,producer,75,4548,/theta/v=1656498234386
1656498678.2383785,consumer,75,4400,/theta/v=1656498234386
1656498678.2391448,producer,76,4549,/theta/v=1656498234386
1656498678.2400072,consumer,76,4400,/theta/v=1656498234386
1656498678.240761,producer,77,4548,/theta/v=1656498234386
1656498678.2415788,consumer,77,4400,/theta/v=1656498234386
1656498678.2423112,producer,78,4548,/theta/v=1656498234386
1656498678.2433226,consumer,78,4400,/theta/v=1656498234386
1656498678.2441094,producer,79,4548,/theta/v=1656498234386
1656498678.244908,consumer,79,4400,/theta/v=1656498234386
1656498678.2455933,producer,80,4548,/theta/v=1656498234386
1656498678.2463882,consumer,80,4400,/theta/v=1656498234386
1656498678.247071,producer,81,4547,/theta/v=1656498234386
1656498678.247989,consumer,81,4400,/theta/v=1656498234386
1656498678.2486973,producer,82,4547,/theta/v=1656498234386
1656498678.2495236,consumer,82,4400,/theta/v=1656498234386
1656498678.25015,producer,83,4548,/theta/v=1656498234386
1656498678.2510977,consumer,83,4400,/theta/v=1656498234386
1656498678.25182,producer,84,4548,/theta/v=1656498234386
1656498678.2526968,consumer,84,4400,/theta/v=1656498234386
1656498678.2534952,producer,85,4548,/theta/v=1656498234386
1656498678.2543101,consumer,85,4400,/theta/v=1656498234386
1656498678.255034,producer,86,4548,/theta/v=1656498234386
1656498678.2558305,consumer,86,4400,/theta/v=1656498234386
1656498678.2564335,producer,87,4548,/theta/v=1656498234386
1656498678.2572966,consumer,87,4400,/theta/v=1656498234386
1656498678.2579982,producer,88,4549,/theta/v=1656498234386
1656498678.258874,consumer,88,4400,/theta/v=1656498234386
1656498678.2595441,producer,89,4548,/theta/v=1656498234386
1656498678.2603545,consumer,89,4400,/theta/v=1656498234386
1656498678.2611825,producer,90,4548,/theta/v=1656498234386
1656498678.2619565,consumer,90,4400,/theta/v=1656498234386
1656498678.262816,producer,91,4547,/theta/v=1656498234386
1656498678.263613,consumer,91,4400,/theta/v=1656498234386
1656498678.2642462,producer,92,4548,/theta/v=1656498234386
1656498678.2650583,consumer,92,4400,/theta/v=1656498234386
1656498678.2657733,producer,93,4548,/theta/v=1656498234386
1656498678.266609,consumer,93,4400,/theta/v=1656498234386
1656498678.2674072,producer,94,4548,/theta/v=1656498234386
1656498678.268261,consumer,94,4400,/theta/v=1656498234386
1656498678.2690196,producer,95,4547,/theta/v=1656498234386
1656498678.2698164,consumer,95,4400,/theta/v=1656498234386
1656498678.270471,producer,96,4549,/theta/v=1656498234386
1656498678.2713869,consumer,96,4400,/theta/v=1656498234386
1656498678.272036,producer,97,4549,/theta/v=1656498234386
1656498678.272889,consumer,97,4400,/theta/v=1656498234386
1656498678.2737234,producer,98,4548,/theta/v=1656498234386
1656498678.2746835,consumer,98,4400,/theta/v=1656498234386
1656498678.2754662,producer,99,4548,/theta/v=1656498234386
1656498678.2762628,consumer,99,4400,/theta/v=1656498234386
1656498678.276976,producer,100,4548,/theta/v=1656498234386
1656498678.2777367,consumer,100,4400,/theta/v=1656498234386
1656498678.2783928,producer,101,4547,/theta/v=1656498234386
1656498678.2792773,consumer,101,4400,/theta/v=1656498234386
1656498678.2799141,producer,102,4547,/theta/v=1656498234386
1656498678.2806761,consumer,102,4400,/theta/v=1656498234386
1656498678.2814336,producer,103,4547,/theta/v=1656498234386
1656498678.2822928,consumer,103,4400,/theta/v=1656498234386
1656498678.2831075,producer,104,4548,/theta/v=1656498234386
1656498678.2839262,consumer,104,4400,/theta/v=1656498234386
1656498678.2845654,producer,105,4549,/theta/v=1656498234386
1656498678.2855356,consumer,105,4400,/theta/v=1656498234386
1656498678.286283,producer,106,4548,/theta/v=1656498234386
1656498678.2872097,consumer,106,4400,/theta/v=1656498234386
1656498678.2879043,producer,107,4548,/theta/v=1656498234386
1656498678.288692,consumer,107,4400,/theta/v=1656498234386
1656498678.289511,producer,108,4549,/theta/v=1656498234386
1656498678.2903733,consumer,108,4400,/theta/v=1656498234386
1656498678.2911174,producer,109,4548,/theta/v=1656498234386
1656498678.2918606,consumer,109,4400,/theta/v=1656498234386
1656498678.2924976,producer,110,4547,/theta/v=1656498234386
1656498678.2934175,consumer,110,4400,/theta/v=1656498234386
1656498678.2941298,producer,111,4549,/theta/v=1656498234386
1656498678.2949588,consumer,111,4400,/theta/v=1656498234386
1656498678.295634,producer,112,4548,/theta/v=1656498234386
1656498678.2963498,consumer,112,4400,/theta/v=1656498234386
1656498678.2970307,producer,113,4549,/theta/v=1656498234386
1656498678.29778,consumer,113,4400,/theta/v=1656498234386
1656498678.298458,producer,114,4548,/theta/v=1656498234386
1656498678.2993262,consumer,114,4400,/theta/v=1656498234386
1656498678.2999806,producer,115,4547,/theta/v=1656498234386
1656498678.3007877,consumer,115,4400,/theta/v=1656498234386
1656498678.3015046,producer,116,4549,/theta/v=1656498234386
1656498678.302315,consumer,116,4400,/theta/v=1656498234386
1656498678.3030381,producer,117,4549,/theta/v=1656498234386
1656498678.3038964,consumer,117,4400,/theta/v=1656498234386
1656498678.3045578,producer,118,4547,/theta/v=1656498234386
1656498678.305467,consumer,118,4400,/theta/v=1656498234386
1656498678.306132,producer,119,4549,/theta/v=1656498234386
1656498678.3072016,consumer,119,4400,/theta/v=1656498234386
1656498678.3078985,producer,120,4548,/theta/v=1656498234386
1656498678.3086493,consumer,120,4400,/theta/v=1656498234386
1656498678.3093438,producer,121,4548,/theta/v=1656498234386
1656498678.3100703,consumer,121,4400,/theta/v=1656498234386
1656498678.31077,producer,122,4548,/theta/v=1656498234386
1656498678.3115246,consumer,122,4400,/theta/v=1656498234386
1656498678.3121948,producer,123,4547,/theta/v=1656498234386
1656498678.313057,consumer,123,4400,/theta/v=1656498234386
1656498678.3137746,producer,124,4549,/theta/v=1656498234386
1656498678.3145902,consumer,124,4400,/theta/v=1656498234386
1656498678.3153737,producer,125,4548,/theta/v=1656498234386
1656498678.31616,consumer,125,4400,/theta/v=1656498234386
1656498678.3168411,producer,126,4549,/theta/v=1656498234386
1656498678.31776,consumer,126,4400,/theta/v=1656498234386
1656498678.3184602,producer,127,4547,/theta/v=1656498234386
1656498678.3193417,consumer,127,4400,/theta/v=1656498234386
1656498678.3200507,producer,128,4549,/theta/v=1656498234386
1656498678.3208897,consumer,128,4400,/theta/v=1656498234386
1656498678.3216152,producer,129,4548,/theta/v=1656498234386
1656498678.3224866,consumer,129,4400,/theta/v=1656498234386
1656498678.3232584,producer,130,4547,/theta/v=1656498234386
1656498678.3240793,consumer,130,4400,/theta/v=1656498234386
1656498678.3248312,producer,131,4549,/theta/v=1656498234386
1656498678.3256292,consumer,131,4400,/theta/v=1656498234386
1656498678.3263223,producer,132,4548,/theta/v=1656498234386
1656498678.3271742,consumer,132,4400,/theta/v=1656498234386
1656498678.327806,producer,133,4549,/theta/v=1656498234386
1656498678.3286958,consumer,133,4400,/theta/v=1656498234386
1656498678.3294528,producer,134,4547,/theta/v=1656498234386
1656498678.330317,consumer,134,4400,/theta/v=1656498234386
1656498678.331143,producer,135,4548,/theta/v=1656498234386
1656498678.331923,consumer,135,4400,/theta/v=1656498234386
1656498678.332575,producer,136,4548,/theta/v=1656498234386
1656498678.333528,consumer,136,4400,/theta/v=1656498234386
1656498678.334257,producer,137,4548,/theta/v=1656498234386
1656498678.3351133,consumer,137,4400,/theta/v=1656498234386
1656498678.3358154,producer,138,4547,/theta/v=1656498234386
1656498678.336537,consumer,138,4400,/theta/v=1656498234386
1656498678.3372974,producer,139,4548,/theta/v=1656498234386
1656498678.338168,consumer,139,4400,/theta/v=1656498234386
1656498678.3390946,producer,140,4548,/theta/v=1656498234386
1656498678.339944,consumer,140,4400,/theta/v=1656498234386
1656498678.3407638,producer,141,4548,/theta/v=1656498234386
1656498678.3416955,consumer,141,4400,/theta/v=1656498234386
1656498678.3424578,producer,142,4548,/theta/v=1656498234386
1656498678.3433235,consumer,142,4400,/theta/v=1656498234386
1656498678.3446505,producer,143,4549,/theta/v=1656498234386
1656498678.346168,consumer,143,4400,/theta/v=1656498234386
1656498678.3469768,producer,144,4549,/theta/v=1656498234386
1656498678.3479645,consumer,144,4400,/theta/v=1656498234386
1656498678.3486736,producer,145,4547,/theta/v=1656498234386
1656498678.3495476,consumer,145,4400,/theta/v=1656498234386
1656498678.3502145,producer,146,4548,/theta/v=1656498234386
1656498678.3510997,consumer,146,4400,/theta/v=1656498234386
1656498678.3517835,producer,147,4549,/theta/v=1656498234386
1656498678.3527558,consumer,147,4400,/theta/v=1656498234386
1656498678.3534603,producer,148,4547,/theta/v=1656498234386
1656498678.3543816,consumer,148,4400,/theta/v=1656498234386
1656498678.3551073,producer,149,4549,/theta/v=1656498234386
1656498678.3560941,consumer,149,4400,/theta/v=1656498234386
1656498678.3567815,producer,150,4548,/theta/v=1656498234386
1656498678.357658,consumer,150,4400,/theta/v=1656498234386
1656498678.3582702,producer,151,4549,/theta/v=1656498234386
1656498678.3592744,consumer,151,4400,/theta/v=1656498234386
1656498678.3599095,producer,152,4549,/theta/v=1656498234386
1656498678.3608978,consumer,152,4400,/theta/v=1656498234386
1656498678.361614,producer,153,4549,/theta/v=1656498234386
1656498678.362588,consumer,153,4400,/theta/v=1656498234386
1656498678.3635123,producer,154,4547,/theta/v=1656498234386
1656498678.3645635,consumer,154,4400,/theta/v=1656498234386
1656498678.3652625,producer,155,4547,/theta/v=1656498234386
1656498678.3663213,consumer,155,4400,/theta/v=1656498234386
1656498678.3671765,producer,156,4549,/theta/v=1656498234386
1656498678.368121,consumer,156,4400,/theta/v=1656498234386
1656498678.3687828,producer,157,4548,/theta/v=1656498234386
1656498678.3696735,consumer,157,4400,/theta/v=1656498234386
1656498678.3703713,producer,158,4548,/theta/v=1656498234386
1656498678.371327,consumer,158,4400,/theta/v=1656498234386
1656498678.371965,producer,159,4549,/theta/v=1656498234386
1656498678.37296,consumer,159,4400,/theta/v=1656498234386
1656498678.373732,producer,160,4548,/theta/v=1656498234386
1656498678.3746626,consumer,160,4400,/theta/v=1656498234386
1656498678.3752868,producer,161,4549,/theta/v=1656498234386
1656498678.3761458,consumer,161,4400,/theta/v=1656498234386
1656498678.3767798,producer,162,4549,/theta/v=1656498234386
1656498678.377766,consumer,162,4400,/theta/v=1656498234386
1656498678.3784606,producer,163,4548,/theta/v=1656498234386
1656498678.3795056,consumer,163,4400,/theta/v=1656498234386
1656498678.3801808,producer,164,4549,/theta/v=1656498234386
1656498678.3811557,consumer,164,4400,/theta/v=1656498234386
1656498678.3819175,producer,165,4548,/theta/v=1656498234386
1656498678.3829505,consumer,165,4400,/theta/v=1656498234386
1656498678.383689,producer,166,4547,/theta/v=1656498234386
1656498678.384663,consumer,166,4400,/theta/v=1656498234386
1656498678.3854234,producer,167,4548,/theta/v=1656498234386
1656498678.3863926,consumer,167,4400,/theta/v=1656498234386
1656498678.387118,producer,168,4548,/theta/v=1656498234386
1656498678.3880577,consumer,168,4400,/theta/v=1656498234386
1656498678.3887827,producer,169,4548,/theta/v=1656498234386
1656498678.3896801,consumer,169,4400,/theta/v=1656498234386
1656498678.3902943,producer,170,4548,/theta/v=1656498234386
1656498678.3920207,consumer,170,4400,/theta/v=1656498234386
1656498678.3927588,producer,171,4547,/theta/v=1656498234386
1656498678.3936734,consumer,171,4400,/theta/v=1656498234386
1656498678.3943057,producer,172,4548,/theta/v=1656498234386
1656498678.3952458,consumer,172,4400,/theta/v=1656498234386
1656498678.3958912,producer,173,4548,/theta/v=1656498234386
1656498678.3968449,consumer,173,4400,/theta/v=1656498234386
1656498678.397516,producer,174,4547,/theta/v=1656498234386
1656498678.3984866,consumer,174,4400,/theta/v=1656498234386
1656498678.3991823,producer,175,4548,/theta/v=1656498234386
1656498678.4000287,consumer,175,4400,/theta/v=1656498234386
1656498678.400651,producer,176,4547,/theta/v=1656498234386
1656498678.4015567,consumer,176,4400,/theta/v=1656498234386
1656498678.4030643,producer,177,4549,/theta/v=1656498234386
1656498678.404214,consumer,177,4400,/theta/v=1656498234386
1656498678.4050267,producer,178,4548,/theta/v=1656498234386
1656498678.40584,consumer,178,4400,/theta/v=1656498234386
1656498678.4065526,producer,179,4546,/theta/v=1656498234386
1656498678.4075646,consumer,179,4400,/theta/v=1656498234386
1656498678.4083145,producer,180,4549,/theta/v=1656498234386
1656498678.4092503,consumer,180,4400,/theta/v=1656498234386
1656498678.4099886,producer,181,4549,/theta/v=1656498234386
1656498678.410849,consumer,181,4400,/theta/v=1656498234386
1656498678.4115722,producer,182,4549,/theta/v=1656498234386
1656498678.41238,consumer,182,4400,/theta/v=1656498234386
1656498678.41318,producer,183,4549,/theta/v=1656498234386
1656498678.414016,consumer,183,4400,/theta/v=1656498234386
1656498678.4148257,producer,184,4548,/theta/v=1656498234386
1656498678.41557,consumer,184,4400,/theta/v=1656498234386
1656498678.4162233,producer,185,4549,/theta/v=1656498234386
1656498678.4171548,consumer,185,4400,/theta/v=1656498234386
1656498678.4179647,producer,186,4549,/theta/v=1656498234386
1656498678.4188437,consumer,186,4400,/theta/v=1656498234386
1656498678.419575,producer,187,4548,/theta/v=1656498234386
1656498678.4203768,consumer,187,4400,/theta/v=1656498234386
1656498678.4212818,producer,188,4548,/theta/v=1656498234386
1656498678.4221387,consumer,188,4400,/theta/v=1656498234386
1656498678.4229453,producer,189,4548,/theta/v=1656498234386
1656498678.4238234,consumer,189,4400,/theta/v=1656498234386
1656498678.424557,producer,190,4549,/theta/v=1656498234386
1656498678.4254284,consumer,190,4400,/theta/v=1656498234386
1656498678.4262226,producer,191,4549,/theta/v=1656498234386
1656498678.427258,consumer,191,4400,/theta/v=1656498234386
1656498678.4279737,producer,192,4547,/theta/v=1656498234386
1656498678.428846,consumer,192,4400,/theta/v=1656498234386
1656498678.429544,producer,193,4548,/theta/v=1656498234386
1656498678.4303844,consumer,193,4400,/theta/v=1656498234386
1656498678.431137,producer,194,4548,/theta/v=1656498234386
1656498678.4320028,consumer,194,4400,/theta/v=1656498234386
1656498678.432793,producer,195,4548,/theta/v=1656498234386
1656498678.433679,consumer,195,4400,/theta/v=1656498234386
1656498678.4344263,producer,196,4548,/theta/v=1656498234386
1656498678.4364853,consumer,196,4400,/theta/v=1656498234386
1656498678.437767,producer,197,4548,/theta/v=1656498234386
1656498678.4389045,consumer,197,4400,/theta/v=1656498234386
1656498678.4398236,producer,198,4547,/theta/v=1656498234386
1656498678.440991,consumer,198,4400,/theta/v=1656498234386
1656498678.4419203,producer,199,4548,/theta/v=1656498234386
1656498678.4431832,consumer,199,4400,/theta/v=1656498234386
1656498678.444108,producer,200,4548,/theta/v=1656498234386
1656498678.4452095,consumer,200,4400,/theta/v=1656498234386
1656498678.446853,producer,201,4548,/theta/v=1656498234386
1656498678.4479847,consumer,201,4400,/theta/v=1656498234386
1656498678.449066,producer,202,4547,/theta/v=1656498234386
1656498678.4500127,consumer,202,4400,/theta/v=1656498234386
1656498678.4509718,producer,203,4547,/theta/v=1656498234386
1656498678.4518664,consumer,203,4400,/theta/v=1656498234386
1656498678.452577,producer,204,4549,/theta/v=1656498234386
1656498678.4535353,consumer,204,4400,/theta/v=1656498234386
1656498678.4543023,producer,205,4548,/theta/v=1656498234386
1656498678.4555113,consumer,205,4400,/theta/v=1656498234386
1656498678.4563482,producer,206,4548,/theta/v=1656498234386
1656498678.4573574,consumer,206,4400,/theta/v=1656498234386
1656498678.458153,producer,207,4549,/theta/v=1656498234386
1656498678.4593668,consumer,207,4400,/theta/v=1656498234386
1656498678.4600832,producer,208,4547,/theta/v=1656498234386
1656498678.4609458,consumer,208,4400,/theta/v=1656498234386
1656498678.4615653,producer,209,4548,/theta/v=1656498234386
1656498678.4624128,consumer,209,4400,/theta/v=1656498234386
1656498678.4631972,producer,210,4548,/theta/v=1656498234386
1656498678.4641294,consumer,210,4400,/theta/v=1656498234386
1656498678.4647682,producer,211,4547,/theta/v=1656498234386
1656498678.4656177,consumer,211,4400,/theta/v=1656498234386
1656498678.466202,producer,212,4548,/theta/v=1656498234386
1656498678.4672341,consumer,212,4400,/theta/v=1656498234386
1656498678.4682841,producer,213,4549,/theta/v=1656498234386
1656498678.4693723,consumer,213,4400,/theta/v=1656498234386
1656498678.4700472,producer,214,4548,/theta/v=1656498234386
1656498678.4710472,consumer,214,4400,/theta/v=1656498234386
1656498678.471881,producer,215,4548,/theta/v=1656498234386
1656498678.4728546,consumer,215,4400,/theta/v=1656498234386
1656498678.4734979,producer,216,4549,/theta/v=1656498234386
1656498678.4742882,consumer,216,4400,/theta/v=1656498234386
1656498678.4751318,producer,217,4549,/theta/v=1656498234386
1656498678.4761093,consumer,217,4400,/theta/v=1656498234386
1656498678.4768286,producer,218,4547,/theta/v=1656498234386
1656498678.4778981,consumer,218,4400,/theta/v=1656498234386
1656498678.4788673,producer,219,4547,/theta/v=1656498234386
1656498678.4798853,consumer,219,4400,/theta/v=1656498234386
1656498678.4806626,producer,220,4548,/theta/v=1656498234386
1656498678.4817142,consumer,220,4400,/theta/v=1656498234386
1656498678.4824767,producer,221,4548,/theta/v=1656498234386
1656498678.483486,consumer,221,4400,/theta/v=1656498234386
1656498678.4842136,producer,222,4548,/theta/v=1656498234386
1656498678.4849427,consumer,222,4400,/theta/v=1656498234386
1656498678.485647,producer,223,4549,/theta/v=1656498234386
1656498678.486389,consumer,223,4400,/theta/v=1656498234386
1656498678.4877903,producer,224,4548,/theta/v=1656498234386
1656498678.4887998,consumer,224,4400,/theta/v=1656498234386
1656498678.489701,producer,225,4546,/theta/v=1656498234386
1656498678.490814,consumer,225,4400,/theta/v=1656498234386
1656498678.491644,producer,226,4549,/theta/v=1656498234386
1656498678.4925528,consumer,226,4400,/theta/v=1656498234386
1656498678.4933798,producer,227,4548,/theta/v=1656498234386
1656498678.494266,consumer,227,4400,/theta/v=1656498234386
1656498678.4950218,producer,228,4548,/theta/v=1656498234386
1656498678.4959204,consumer,228,4400,/theta/v=1656498234386
1656498678.49688,producer,229,4548,/theta/v=1656498234386
1656498678.497847,consumer,229,4400,/theta/v=1656498234386
1656498678.4987605,producer,230,4547,/theta/v=1656498234386
1656498678.4996743,consumer,230,4400,/theta/v=1656498234386
1656498678.500524,producer,231,4548,/theta/v=1656498234386
1656498678.5013509,consumer,231,4400,/theta/v=1656498234386
1656498678.5020108,producer,232,4548,/theta/v=1656498234386
1656498678.503021,consumer,232,4400,/theta/v=1656498234386
1656498678.5038142,producer,233,4548,/theta/v=1656498234386
1656498678.504774,consumer,233,4400,/theta/v=1656498234386
1656498678.5055714,producer,234,4547,/theta/v=1656498234386
1656498678.5063562,consumer,234,4400,/theta/v=1656498234386
1656498678.5070739,producer,235,4549,/theta/v=1656498234386
1656498678.5078192,consumer,235,4400,/theta/v=1656498234386
1656498678.5085058,producer,236,4549,/theta/v=1656498234386
1656498678.5093732,consumer,236,4400,/theta/v=1656498234386
1656498678.5101714,producer,237,4549,/theta/v=1656498234386
1656498678.511177,consumer,237,4400,/theta/v=1656498234386
1656498678.5121312,producer,238,4547,/theta/v=1656498234386
1656498678.513393,consumer,238,4400,/theta/v=1656498234386
1656498678.514135,producer,239,4548,/theta/v=1656498234386
1656498678.5150528,consumer,239,4400,/theta/v=1656498234386
1656498678.5158012,producer,240,4547,/theta/v=1656498234386
1656498678.5166085,consumer,240,4400,/theta/v=1656498234386
1656498678.5173256,producer,241,4547,/theta/v=1656498234386
1656498678.5181673,consumer,241,4400,/theta/v=1656498234386
1656498678.5190172,producer,242,4549,/theta/v=1656498234386
1656498678.5198822,consumer,242,4400,/theta/v=1656498234386
1656498678.5206647,producer,243,4549,/theta/v=1656498234386
1656498678.5216136,consumer,243,4400,/theta/v=1656498234386
1656498678.5222638,producer,244,4547,/theta/v=1656498234386
1656498678.5231316,consumer,244,4400,/theta/v=1656498234386
1656498678.5237796,producer,245,4548,/theta/v=1656498234386
1656498678.5246212,consumer,245,4400,/theta/v=1656498234386
1656498678.5252993,producer,246,4549,/theta/v=1656498234386
1656498678.5260632,consumer,246,4400,/theta/v=1656498234386
1656498678.526848,producer,247,4548,/theta/v=1656498234386
1656498678.5276725,consumer,247,4400,/theta/v=1656498234386
1656498678.528401,producer,248,4548,/theta/v=1656498234386
1656498678.5292008,consumer,248,4400,/theta/v=1656498234386
1656498678.5298584,producer,249,4548,/theta/v=1656498234386
1656498678.5306122,consumer,249,4400,/theta/v=1656498234386
1656498678.5314243,producer,250,4548,/theta/v=1656498234386
1656498678.5322852,consumer,250,4400,/theta/v=1656498234386
1656498678.5330443,producer,251,4548,/theta/v=1656498234386
1656498678.5338643,consumer,251,4400,/theta/v=1656498234386
1656498678.5344985,producer,252,4548,/theta/v=1656498234386
1656498678.5353618,consumer,252,4400,/theta/v=1656498234386
1656498678.5360806,producer,253,4548,/theta/v=1656498234386
1656498678.5368788,consumer,253,4400,/theta/v=1656498234386
1656498678.537687,producer,254,4548,/theta/v=1656498234386
1656498678.538544,consumer,254,4400,/theta/v=1656498234386
1656498678.539409,producer,255,4548,/theta/v=1656498234386
1656498678.540361,consumer,255,4400,/theta/v=1656498234386
1656498678.541134,producer,256,4549,/theta/v=1656498234386
1656498678.542052,consumer,256,4400,/theta/v=1656498234386
1656498678.5429814,producer,257,4549,/theta/v=1656498234386
1656498678.5437865,consumer,257,4400,/theta/v=1656498234386
1656498678.5444863,producer,258,4550,/theta/v=1656498234386
1656498678.5452297,consumer,258,4400,/theta/v=1656498234386
1656498678.5459075,producer,259,4549,/theta/v=1656498234386
1656498678.546726,consumer,259,4400,/theta/v=1656498234386
1656498678.5474126,producer,260,4549,/theta/v=1656498234386
1656498678.5482142,consumer,260,4400,/theta/v=1656498234386
1656498678.5487928,producer,261,4548,/theta/v=1656498234386
1656498678.549599,consumer,261,4400,/theta/v=1656498234386
1656498678.5502808,producer,262,4548,/theta/v=1656498234386
1656498678.551097,consumer,262,4400,/theta/v=1656498234386
1656498678.5516725,producer,263,4549,/theta/v=1656498234386
1656498678.5524845,consumer,263,4400,/theta/v=1656498234386
1656498678.5531394,producer,264,4550,/theta/v=1656498234386
1656498678.5541103,consumer,264,4400,/theta/v=1656498234386
1656498678.5549374,producer,265,4550,/theta/v=1656498234386
1656498678.5557144,consumer,265,4400,/theta/v=1656498234386
1656498678.556355,producer,266,4548,/theta/v=1656498234386
1656498678.5571773,consumer,266,4400,/theta/v=1656498234386
1656498678.5578587,producer,267,4549,/theta/v=1656498234386
1656498678.5585938,consumer,267,4400,/theta/v=1656498234386
1656498678.5593328,producer,268,4549,/theta/v=1656498234386
1656498678.5601177,consumer,268,4400,/theta/v=1656498234386
1656498678.560807,producer,269,4548,/theta/v=1656498234386
1656498678.5615137,consumer,269,4400,/theta/v=1656498234386
1656498678.5621996,producer,270,4548,/theta/v=1656498234386
1656498678.5629883,consumer,270,4400,/theta/v=1656498234386
1656498678.5636837,producer,271,4549,/theta/v=1656498234386
1656498678.5644016,consumer,271,4400,/theta/v=1656498234386
1656498678.5650177,producer,272,4548,/theta/v=1656498234386
1656498678.565751,consumer,272,4400,/theta/v=1656498234386
1656498678.5664446,producer,273,4549,/theta/v=1656498234386
1656498678.5674028,consumer,273,4400,/theta/v=1656498234386
1656498678.5681863,producer,274,4549,/theta/v=1656498234386
1656498678.5689144,consumer,274,4400,/theta/v=1656498234386
1656498678.5695693,producer,275,4549,/theta/v=1656498234386
1656498678.5703077,consumer,275,4400,/theta/v=1656498234386
1656498678.5710464,producer,276,4549,/theta/v=1656498234386
1656498678.5718513,consumer,276,4400,/theta/v=1656498234386
1656498678.5725389,producer,277,4550,/theta/v=1656498234386
1656498678.5734453,consumer,277,4400,/theta/v=1656498234386
1656498678.5740395,producer,278,4550,/theta/v=1656498234386
1656498678.5748806,consumer,278,4400,/theta/v=1656498234386
1656498678.5755494,producer,279,4549,/theta/v=1656498234386
1656498678.5763297,consumer,279,4400,/theta/v=1656498234386
1656498678.5769954,producer,280,4548,/theta/v=1656498234386
1656498678.5778172,consumer,280,4400,/theta/v=1656498234386
1656498678.57847,producer,281,4549,/theta/v=1656498234386
1656498678.5793118,consumer,281,4400,/theta/v=1656498234386
1656498678.5798943,producer,282,4550,/theta/v=1656498234386
1656498678.5806656,consumer,282,4400,/theta/v=1656498234386
1656498678.5813122,producer,283,4549,/theta/v=1656498234386
1656498678.582118,consumer,283,4400,/theta/v=1656498234386
1656498678.5828946,producer,284,4549,/theta/v=1656498234386
1656498678.5836413,consumer,284,4400,/theta/v=1656498234386
1656498678.5842407,producer,285,4549,/theta/v=1656498234386
1656498678.5850573,consumer,285,4400,/theta/v=1656498234386
1656498678.58571,producer,286,4548,/theta/v=1656498234386
1656498678.586539,consumer,286,4400,/theta/v=1656498234386
1656498678.587242,producer,287,4550,/theta/v=1656498234386
1656498678.5880692,consumer,287,4400,/theta/v=1656498234386
1656498678.5887313,producer,288,4548,/theta/v=1656498234386
1656498678.5895643,consumer,288,4400,/theta/v=1656498234386
1656498678.5902004,producer,289,4548,/theta/v=1656498234386
1656498678.5910592,consumer,289,4400,/theta/v=1656498234386
1656498678.5917037,producer,290,4548,/theta/v=1656498234386
1656498678.5925813,consumer,290,4400,/theta/v=1656498234386
1656498678.5932708,producer,291,4548,/theta/v=1656498234386
1656498678.5939682,consumer,291,4400,/theta/v=1656498234386
1656498678.5945566,producer,292,4548,/theta/v=1656498234386
1656498678.5954168,consumer,292,4400,/theta/v=1656498234386
1656498678.5961194,producer,293,4549,/theta/v=1656498234386
1656498678.5968523,consumer,293,4400,/theta/v=1656498234386
1656498678.5975366,producer,294,4549,/theta/v=1656498234386
1656498678.5983298,consumer,294,4400,/theta/v=1656498234386
1656498678.5990415,producer,295,4550,/theta/v=1656498234386
1656498678.5997615,consumer,295,4400,/theta/v=1656498234386
1656498678.6003902,producer,296,4550,/theta/v=1656498234386
1656498678.6012204,consumer,296,4400,/theta/v=1656498234386
1656498678.6019075,producer,297,4549,/theta/v=1656498234386
1656498678.6027,consumer,297,4400,/theta/v=1656498234386
1656498678.6033995,producer,298,4549,/theta/v=1656498234386
1656498678.604233,consumer,298,4400,/theta/v=1656498234386
1656498678.6049778,producer,299,4550,/theta/v=1656498234386
1656498678.6056948,consumer,299,4400,/theta/v=1656498234386
1656498678.606339,producer,300,4548,/theta/v=1656498234386
1656498678.6071212,consumer,300,4400,/theta/v=1656498234386
1656498678.607745,producer,301,4549,/theta/v=1656498234386
1656498678.6084626,consumer,301,4400,/theta/v=1656498234386
1656498678.6091442,producer,302,4548,/theta/v=1656498234386
1656498678.6099737,consumer,302,4400,/theta/v=1656498234386
1656498678.6106136,producer,303,4548,/theta/v=1656498234386
1656498678.611404,consumer,303,4400,/theta/v=1656498234386
1656498678.6120167,producer,304,4549,/theta/v=1656498234386
1656498678.6128757,consumer,304,4400,/theta/v=1656498234386
1656498678.6136432,producer,305,4549,/theta/v=1656498234386
1656498678.6144302,consumer,305,4400,/theta/v=1656498234386
1656498678.6152828,producer,306,4548,/theta/v=1656498234386
1656498678.616869,consumer,306,4400,/theta/v=1656498234386
1656498678.617647,producer,307,4550,/theta/v=1656498234386
1656498678.618697,consumer,307,4400,/theta/v=1656498234386
1656498678.6194842,producer,308,4549,/theta/v=1656498234386
1656498678.6203413,consumer,308,4400,/theta/v=1656498234386
1656498678.621044,producer,309,4548,/theta/v=1656498234386
1656498678.6218581,consumer,309,4400,/theta/v=1656498234386
1656498678.622537,producer,310,4549,/theta/v=1656498234386
1656498678.6233897,consumer,310,4400,/theta/v=1656498234386
1656498678.6241062,producer,311,4549,/theta/v=1656498234386
1656498678.6248782,consumer,311,4400,/theta/v=1656498234386
1656498678.625533,producer,312,4549,/theta/v=1656498234386
1656498678.626264,consumer,312,4400,/theta/v=1656498234386
1656498678.6269698,producer,313,4548,/theta/v=1656498234386
1656498678.6277182,consumer,313,4400,/theta/v=1656498234386
1656498678.6283884,producer,314,4549,/theta/v=1656498234386
1656498678.6292655,consumer,314,4400,/theta/v=1656498234386
1656498678.6299632,producer,315,4549,/theta/v=1656498234386
1656498678.630751,consumer,315,4400,/theta/v=1656498234386
1656498678.6314013,producer,316,4549,/theta/v=1656498234386
1656498678.6321046,consumer,316,4400,/theta/v=1656498234386
1656498678.6327317,producer,317,4550,/theta/v=1656498234386
1656498678.633434,consumer,317,4400,/theta/v=1656498234386
1656498678.63404,producer,318,4550,/theta/v=1656498234386
1656498678.6348777,consumer,318,4400,/theta/v=1656498234386
1656498678.6355898,producer,319,4549,/theta/v=1656498234386
1656498678.6363413,consumer,319,4400,/theta/v=1656498234386
1656498678.637028,producer,320,4549,/theta/v=1656498234386
1656498678.6379335,consumer,320,4400,/theta/v=1656498234386
1656498678.638792,producer,321,4550,/theta/v=1656498234386
1656498678.6395977,consumer,321,4400,/theta/v=1656498234386
1656498678.6403127,producer,322,4549,/theta/v=1656498234386
1656498678.6410675,consumer,322,4400,/theta/v=1656498234386
1656498678.641646,producer,323,4548,/theta/v=1656498234386
1656498678.642445,consumer,323,4400,/theta/v=1656498234386
1656498678.6431818,producer,324,4548,/theta/v=1656498234386
1656498678.6439495,consumer,324,4400,/theta/v=1656498234386
1656498678.6446161,producer,325,4550,/theta/v=1656498234386
1656498678.6454306,consumer,325,4400,/theta/v=1656498234386
1656498678.6461003,producer,326,4550,/theta/v=1656498234386
1656498678.6470068,consumer,326,4400,/theta/v=1656498234386
1656498678.647676,producer,327,4548,/theta/v=1656498234386
1656498678.648385,consumer,327,4400,/theta/v=1656498234386
1656498678.6489778,producer,328,4549,/theta/v=1656498234386
1656498678.6498082,consumer,328,4400,/theta/v=1656498234386
1656498678.6505225,producer,329,4549,/theta/v=1656498234386
1656498678.651375,consumer,329,4400,/theta/v=1656498234386
1656498678.6520965,producer,330,4549,/theta/v=1656498234386
1656498678.6528964,consumer,330,4400,/theta/v=1656498234386
1656498678.6536365,producer,331,4549,/theta/v=1656498234386
1656498678.654392,consumer,331,4400,/theta/v=1656498234386
1656498678.6550648,producer,332,4548,/theta/v=1656498234386
1656498678.6558568,consumer,332,4400,/theta/v=1656498234386
1656498678.6564648,producer,333,4549,/theta/v=1656498234386
1656498678.6572502,consumer,333,4400,/theta/v=1656498234386
1656498678.6579192,producer,334,4549,/theta/v=1656498234386
1656498678.6587157,consumer,334,4400,/theta/v=1656498234386
1656498678.6593604,producer,335,4549,/theta/v=1656498234386
1656498678.6600926,consumer,335,4400,/theta/v=1656498234386
1656498678.6607184,producer,336,4548,/theta/v=1656498234386
1656498678.6614206,consumer,336,4400,/theta/v=1656498234386
1656498678.662136,producer,337,4549,/theta/v=1656498234386
1656498678.6629193,consumer,337,4400,/theta/v=1656498234386
1656498678.6635983,producer,338,4549,/theta/v=1656498234386
1656498678.6643074,consumer,338,4400,/theta/v=1656498234386
1656498678.6649761,producer,339,4549,/theta/v=1656498234386
1656498678.6657465,consumer,339,4400,/theta/v=1656498234386
1656498678.6664126,producer,340,4549,/theta/v=1656498234386
1656498678.6672573,consumer,340,4400,/theta/v=1656498234386
1656498678.6678913,producer,341,4549,/theta/v=1656498234386
1656498678.668665,consumer,341,4400,/theta/v=1656498234386
1656498678.6692953,producer,342,4550,/theta/v=1656498234386
1656498678.6700165,consumer,342,4400,/theta/v=1656498234386
1656498678.670613,producer,343,4549,/theta/v=1656498234386
1656498678.6716151,consumer,343,4400,/theta/v=1656498234386
1656498678.6723511,producer,344,4548,/theta/v=1656498234386
1656498678.6731486,consumer,344,4400,/theta/v=1656498234386
1656498678.6738167,producer,345,4550,/theta/v=1656498234386
1656498678.674524,consumer,345,4400,/theta/v=1656498234386
1656498678.6752217,producer,346,4549,/theta/v=1656498234386
1656498678.6759176,consumer,346,4400,/theta/v=1656498234386
1656498678.676503,producer,347,4549,/theta/v=1656498234386
1656498678.6772661,consumer,347,4400,/theta/v=1656498234386
1656498678.6779122,producer,348,4550,/theta/v=1656498234386
1656498678.6786907,consumer,348,4400,/theta/v=1656498234386
1656498678.67934,producer,349,4550,/theta/v=1656498234386
1656498678.6800601,consumer,349,4400,/theta/v=1656498234386
1656498678.6806896,producer,350,4549,/theta/v=1656498234386
1656498678.681434,consumer,350,4400,/theta/v=1656498234386
1656498678.682087,producer,351,4548,/theta/v=1656498234386
1656498678.682837,consumer,351,4400,/theta/v=1656498234386
1656498678.6834414,producer,352,4548,/theta/v=1656498234386
1656498678.6849127,consumer,352,4400,/theta/v=1656498234386
1656498678.6855354,producer,353,4549,/theta/v=1656498234386
1656498678.686277,consumer,353,4400,/theta/v=1656498234386
1656498678.686906,producer,354,4550,/theta/v=1656498234386
1656498678.687721,consumer,354,4400,/theta/v=1656498234386
1656498678.6883705,producer,355,4549,/theta/v=1656498234386
1656498678.689201,consumer,355,4400,/theta/v=1656498234386
1656498678.689893,producer,356,4548,/theta/v=1656498234386
1656498678.69079,consumer,356,4400,/theta/v=1656498234386
1656498678.6916282,producer,357,4550,/theta/v=1656498234386
1656498678.6925082,consumer,357,4400,/theta/v=1656498234386
1656498678.6932247,producer,358,4550,/theta/v=1656498234386
1656498678.6940217,consumer,358,4400,/theta/v=1656498234386
1656498678.6945996,producer,359,4549,/theta/v=1656498234386
1656498678.6954865,consumer,359,4400,/theta/v=1656498234386
1656498678.6961188,producer,360,4548,/theta/v=1656498234386
1656498678.6968074,consumer,360,4400,/theta/v=1656498234386
1656498678.6973734,producer,361,4550,/theta/v=1656498234386
1656498678.698162,consumer,361,4400,/theta/v=1656498234386
1656498678.6989465,producer,362,4550,/theta/v=1656498234386
1656498678.6996515,consumer,362,4400,/theta/v=1656498234386
1656498678.7003176,producer,363,4549,/theta/v=1656498234386
1656498678.7010446,consumer,363,4400,/theta/v=1656498234386
1656498678.7016428,producer,364,4549,/theta/v=1656498234386
1656498678.7023668,consumer,364,4400,/theta/v=1656498234386
1656498678.7030857,producer,365,4550,/theta/v=1656498234386
1656498678.703823,consumer,365,4400,/theta/v=1656498234386
1656498678.7045386,producer,366,4550,/theta/v=1656498234386
1656498678.705348,consumer,366,4400,/theta/v=1656498234386
1656498678.7060697,producer,367,4550,/theta/v=1656498234386
1656498678.7068887,consumer,367,4400,/theta/v=1656498234386
1656498678.7075748,producer,368,4548,/theta/v=1656498234386
1656498678.7083983,consumer,368,4400,/theta/v=1656498234386
1656498678.709107,producer,369,4548,/theta/v=1656498234386
1656498678.7098892,consumer,369,4400,/theta/v=1656498234386
1656498678.710513,producer,370,4550,/theta/v=1656498234386
1656498678.7113492,consumer,370,4400,/theta/v=1656498234386
1656498678.7119884,producer,371,4549,/theta/v=1656498234386
1656498678.7127793,consumer,371,4400,/theta/v=1656498234386
1656498678.713487,producer,372,4549,/theta/v=1656498234386
1656498678.714257,consumer,372,4400,/theta/v=1656498234386
1656498678.7149365,producer,373,4548,/theta/v=1656498234386
1656498678.715731,consumer,373,4400,/theta/v=1656498234386
1656498678.716378,producer,374,4550,/theta/v=1656498234386
1656498678.7171261,consumer,374,4400,/theta/v=1656498234386
1656498678.7178447,producer,375,4550,/theta/v=1656498234386
1656498678.7187128,consumer,375,4400,/theta/v=1656498234386
1656498678.7194064,producer,376,4550,/theta/v=1656498234386
1656498678.720154,consumer,376,4400,/theta/v=1656498234386
1656498678.7208571,producer,377,4550,/theta/v=1656498234386
1656498678.7217627,consumer,377,4400,/theta/v=1656498234386
1656498678.7224286,producer,378,4549,/theta/v=1656498234386
1656498678.7234602,consumer,378,4400,/theta/v=1656498234386
1656498678.7241127,producer,379,4549,/theta/v=1656498234386
1656498678.7248564,consumer,379,4400,/theta/v=1656498234386
1656498678.7254937,producer,380,4548,/theta/v=1656498234386
1656498678.7263005,consumer,380,4400,/theta/v=1656498234386
1656498678.726972,producer,381,4548,/theta/v=1656498234386
1656498678.7277744,consumer,381,4400,/theta/v=1656498234386
1656498678.7283711,producer,382,4549,/theta/v=1656498234386
1656498678.7291827,consumer,382,4400,/theta/v=1656498234386
1656498678.7298121,producer,383,4550,/theta/v=1656498234386
1656498678.7305465,consumer,383,4400,/theta/v=1656498234386
1656498678.731242,producer,384,4549,/theta/v=1656498234386
1656498678.731949,consumer,384,4400,/theta/v=1656498234386
1656498678.7325318,producer,385,4549,/theta/v=1656498234386
1656498678.7332492,consumer,385,4400,/theta/v=1656498234386
1656498678.7338486,producer,386,4549,/theta/v=1656498234386
1656498678.7345314,consumer,386,4400,/theta/v=1656498234386
1656498678.735229,producer,387,4549,/theta/v=1656498234386
1656498678.7359524,consumer,387,4400,/theta/v=1656498234386
1656498678.736527,producer,388,4549,/theta/v=1656498234386
1656498678.7372596,consumer,388,4400,/theta/v=1656498234386
1656498678.7379344,producer,389,4548,/theta/v=1656498234386
1656498678.7387137,consumer,389,4400,/theta/v=1656498234386
1656498678.739365,producer,390,4549,/theta/v=1656498234386
1656498678.7400765,consumer,390,4400,/theta/v=1656498234386
1656498678.740712,producer,391,4548,/theta/v=1656498234386
1656498678.7414289,consumer,391,4400,/theta/v=1656498234386
1656498678.7420416,producer,392,4549,/theta/v=1656498234386
1656498678.742841,consumer,392,4400,/theta/v=1656498234386
1656498678.7434928,producer,393,4548,/theta/v=1656498234386
1656498678.7441463,consumer,393,4400,/theta/v=1656498234386
1656498678.7447472,producer,394,4549,/theta/v=1656498234386
1656498678.745465,consumer,394,4400,/theta/v=1656498234386
1656498678.7460892,producer,395,4549,/theta/v=1656498234386
1656498678.7470047,consumer,395,4400,/theta/v=1656498234386
1656498678.7476861,producer,396,4550,/theta/v=1656498234386
1656498678.7484117,consumer,396,4400,/theta/v=1656498234386
1656498678.7490368,producer,397,4549,/theta/v=1656498234386
1656498678.7497306,consumer,397,4400,/theta/v=1656498234386
1656498678.7504115,producer,398,4548,/theta/v=1656498234386
1656498678.7512038,consumer,398,4400,/theta/v=1656498234386
1656498678.7518878,producer,399,4550,/theta/v=1656498234386
1656498678.753398,consumer,399,4400,/theta/v=1656498234386
1656498678.7541094,producer,400,4549,/theta/v=1656498234386
1656498678.7549329,consumer,400,4400,/theta/v=1656498234386
1656498678.7556028,producer,401,4549,/theta/v=1656498234386
1656498678.7562916,consumer,401,4400,/theta/v=1656498234386
1656498678.7568748,producer,402,4548,/theta/v=1656498234386
1656498678.7575521,consumer,402,4400,/theta/v=1656498234386
1656498678.7581773,producer,403,4548,/theta/v=1656498234386
1656498678.7590046,consumer,403,4400,/theta/v=1656498234386
1656498678.7596586,producer,404,4548,/theta/v=1656498234386
1656498678.7603323,consumer,404,4400,/theta/v=1656498234386
1656498678.7608774,producer,405,4549,/theta/v=1656498234386
1656498678.7615705,consumer,405,4400,/theta/v=1656498234386
1656498678.7622077,producer,406,4550,/theta/v=1656498234386
1656498678.7630627,consumer,406,4400,/theta/v=1656498234386
1656498678.763735,producer,407,4549,/theta/v=1656498234386
1656498678.7644188,consumer,407,4400,/theta/v=1656498234386
1656498678.765055,producer,408,4548,/theta/v=1656498234386
1656498678.765809,consumer,408,4400,/theta/v=1656498234386
1656498678.7664628,producer,409,4549,/theta/v=1656498234386
1656498678.7673116,consumer,409,4400,/theta/v=1656498234386
1656498678.7679026,producer,410,4549,/theta/v=1656498234386
1656498678.7686963,consumer,410,4400,/theta/v=1656498234386
1656498678.769351,producer,411,4548,/theta/v=1656498234386
1656498678.770042,consumer,411,4400,/theta/v=1656498234386
1656498678.7707806,producer,412,4549,/theta/v=1656498234386
1656498678.7715123,consumer,412,4400,/theta/v=1656498234386
1656498678.7721472,producer,413,4550,/theta/v=1656498234386
1656498678.7728724,consumer,413,4400,/theta/v=1656498234386
1656498678.7734325,producer,414,4550,/theta/v=1656498234386
1656498678.7741387,consumer,414,4400,/theta/v=1656498234386
1656498678.7748597,producer,415,4548,/theta/v=1656498234386
1656498678.775664,consumer,415,4400,/theta/v=1656498234386
1656498678.7763712,producer,416,4549,/theta/v=1656498234386
1656498678.7771034,consumer,416,4400,/theta/v=1656498234386
1656498678.777802,producer,417,4550,/theta/v=1656498234386
1656498678.778554,consumer,417,4400,/theta/v=1656498234386
1656498678.7792504,producer,418,4550,/theta/v=1656498234386
1656498678.7799404,consumer,418,4400,/theta/v=1656498234386
1656498678.7805853,producer,419,4549,/theta/v=1656498234386
1656498678.781368,consumer,419,4400,/theta/v=1656498234386
1656498678.782063,producer,420,4549,/theta/v=1656498234386
1656498678.7828116,consumer,420,4400,/theta/v=1656498234386
1656498678.7834756,producer,421,4549,/theta/v=1656498234386
1656498678.7841663,consumer,421,4400,/theta/v=1656498234386
1656498678.784741,producer,422,4548,/theta/v=1656498234386
1656498678.7854397,consumer,422,4400,/theta/v=1656498234386
1656498678.7860343,producer,423,4548,/theta/v=1656498234386
1656498678.7867904,consumer,423,4400,/theta/v=1656498234386
1656498678.7874334,producer,424,4549,/theta/v=1656498234386
1656498678.7881677,consumer,424,4400,/theta/v=1656498234386
1656498678.788909,producer,425,4548,/theta/v=1656498234386
1656498678.7897224,consumer,425,4400,/theta/v=1656498234386
1656498678.7904167,producer,426,4549,/theta/v=1656498234386
1656498678.791299,consumer,426,4400,/theta/v=1656498234386
1656498678.7918873,producer,427,4548,/theta/v=1656498234386
1656498678.7925947,consumer,427,4400,/theta/v=1656498234386
1656498678.7933006,producer,428,4549,/theta/v=1656498234386
1656498678.7940419,consumer,428,4400,/theta/v=1656498234386
1656498678.7947538,producer,429,4550,/theta/v=1656498234386
1656498678.7954998,consumer,429,4400,/theta/v=1656498234386
1656498678.7961543,producer,430,4548,/theta/v=1656498234386
1656498678.7968996,consumer,430,4400,/theta/v=1656498234386
1656498678.7975688,producer,431,4550,/theta/v=1656498234386
1656498678.798247,consumer,431,4400,/theta/v=1656498234386
1656498678.7989132,producer,432,4550,/theta/v=1656498234386
1656498678.799695,consumer,432,4400,/theta/v=1656498234386
1656498678.8003893,producer,433,4548,/theta/v=1656498234386
1656498678.8010862,consumer,433,4400,/theta/v=1656498234386
1656498678.80164,producer,434,4549,/theta/v=1656498234386
1656498678.8024569,consumer,434,4400,/theta/v=1656498234386
1656498678.803149,producer,435,4549,/theta/v=1656498234386
1656498678.8040345,consumer,435,4400,/theta/v=1656498234386
1656498678.8047361,producer,436,4549,/theta/v=1656498234386
1656498678.805475,consumer,436,4400,/theta/v=1656498234386
1656498678.8060837,producer,437,4550,/theta/v=1656498234386
1656498678.807023,consumer,437,4400,/theta/v=1656498234386
1656498678.807695,producer,438,4550,/theta/v=1656498234386
1656498678.8084831,consumer,438,4400,/theta/v=1656498234386
1656498678.8091068,producer,439,4549,/theta/v=1656498234386
1656498678.8099039,consumer,439,4400,/theta/v=1656498234386
1656498678.810539,producer,440,4549,/theta/v=1656498234386
1656498678.8114018,consumer,440,4400,/theta/v=1656498234386
1656498678.8120337,producer,441,4550,/theta/v=1656498234386
1656498678.812828,consumer,441,4400,/theta/v=1656498234386
1656498678.813451,producer,442,4548,/theta/v=1656498234386
1656498678.8141599,consumer,442,4400,/theta/v=1656498234386
1656498678.8148804,producer,443,4549,/theta/v=1656498234386
1656498678.815615,consumer,443,4400,/theta/v=1656498234386
1656498678.8162684,producer,444,4549,/theta/v=1656498234386
1656498678.817108,consumer,444,4400,/theta/v=1656498234386
1656498678.8178742,producer,445,4549,/theta/v=1656498234386
1656498678.818589,consumer,445,4400,/theta/v=1656498234386
1656498678.8194232,producer,446,4550,/theta/v=1656498234386
1656498678.820215,consumer,446,4400,/theta/v=1656498234386
1656498678.820889,producer,447,4549,/theta/v=1656498234386
1656498678.8218057,consumer,447,4400,/theta/v=1656498234386
1656498678.8224914,producer,448,4549,/theta/v=1656498234386
1656498678.8234255,consumer,448,4400,/theta/v=1656498234386
1656498678.8240378,producer,449,4549,/theta/v=1656498234386
1656498678.8247423,consumer,449,4400,/theta/v=1656498234386
1656498678.825298,producer,450,4549,/theta/v=1656498234386
1656498678.8260345,consumer,450,4400,/theta/v=1656498234386
1656498678.826696,producer,451,4550,/theta/v=1656498234386
1656498678.8273702,consumer,451,4400,/theta/v=1656498234386
1656498678.8280082,producer,452,4549,/theta/v=1656498234386
1656498678.8288143,consumer,452,4400,/theta/v=1656498234386
1656498678.829481,producer,453,4549,/theta/v=1656498234386
1656498678.8301582,consumer,453,4400,/theta/v=1656498234386
1656498678.8308902,producer,454,4548,/theta/v=1656498234386
1656498678.8316612,consumer,454,4400,/theta/v=1656498234386
1656498678.8322947,producer,455,4550,/theta/v=1656498234386
1656498678.8330812,consumer,455,4400,/theta/v=1656498234386
1656498678.8338013,producer,456,4548,/theta/v=1656498234386
1656498678.8346882,consumer,456,4400,/theta/v=1656498234386
1656498678.835417,producer,457,4549,/theta/v=1656498234386
1656498678.8362048,consumer,457,4400,/theta/v=1656498234386
1656498678.836918,producer,458,4549,/theta/v=1656498234386
1656498678.8378384,consumer,458,4400,/theta/v=1656498234386
1656498678.838661,producer,459,4549,/theta/v=1656498234386
1656498678.8395615,consumer,459,4400,/theta/v=1656498234386
1656498678.840253,producer,460,4549,/theta/v=1656498234386
1656498678.8409514,consumer,460,4400,/theta/v=1656498234386
1656498678.8416164,producer,461,4549,/theta/v=1656498234386
1656498678.8423295,consumer,461,4400,/theta/v=1656498234386
1656498678.843058,producer,462,4550,/theta/v=1656498234386
1656498678.8437362,consumer,462,4400,/theta/v=1656498234386
1656498678.844346,producer,463,4550,/theta/v=1656498234386
1656498678.8451219,consumer,463,4400,/theta/v=1656498234386
1656498678.8458588,producer,464,4549,/theta/v=1656498234386
1656498678.846557,consumer,464,4400,/theta/v=1656498234386
1656498678.8472939,producer,465,4550,/theta/v=1656498234386
1656498678.8480945,consumer,465,4400,/theta/v=1656498234386
1656498678.8487144,producer,466,4548,/theta/v=1656498234386
1656498678.8494256,consumer,466,4400,/theta/v=1656498234386
1656498678.8508997,producer,467,4549,/theta/v=1656498234386
1656498678.8516324,consumer,467,4400,/theta/v=1656498234386
1656498678.8523204,producer,468,4550,/theta/v=1656498234386
1656498678.8530383,consumer,468,4400,/theta/v=1656498234386
1656498678.8536518,producer,469,4548,/theta/v=1656498234386
1656498678.8545732,consumer,469,4400,/theta/v=1656498234386
1656498678.8552713,producer,470,4548,/theta/v=1656498234386
1656498678.8560126,consumer,470,4400,/theta/v=1656498234386
1656498678.8566105,producer,471,4548,/theta/v=1656498234386
1656498678.8573978,consumer,471,4400,/theta/v=1656498234386
1656498678.8580399,producer,472,4549,/theta/v=1656498234386
1656498678.8587894,consumer,472,4400,/theta/v=1656498234386
1656498678.8594418,producer,473,4548,/theta/v=1656498234386
1656498678.860147,consumer,473,4400,/theta/v=1656498234386
1656498678.860766,producer,474,4549,/theta/v=1656498234386
1656498678.8614626,consumer,474,4400,/theta/v=1656498234386
1656498678.8620572,producer,475,4549,/theta/v=1656498234386
1656498678.8627834,consumer,475,4400,/theta/v=1656498234386
1656498678.8634262,producer,476,4550,/theta/v=1656498234386
1656498678.8641877,consumer,476,4400,/theta/v=1656498234386
1656498678.864809,producer,477,4548,/theta/v=1656498234386
1656498678.8656013,consumer,477,4400,/theta/v=1656498234386
1656498678.8662782,producer,478,4549,/theta/v=1656498234386
1656498678.867212,consumer,478,4400,/theta/v=1656498234386
1656498678.8680475,producer,479,4550,/theta/v=1656498234386
1656498678.8688517,consumer,479,4400,/theta/v=1656498234386
1656498678.8695755,producer,480,4550,/theta/v=1656498234386
1656498678.8704271,consumer,480,4400,/theta/v=1656498234386
1656498678.8712034,producer,481,4549,/theta/v=1656498234386
1656498678.872038,consumer,481,4400,/theta/v=1656498234386
1656498678.8727942,producer,482,4550,/theta/v=1656498234386
1656498678.87357,consumer,482,4400,/theta/v=1656498234386
1656498678.874222,producer,483,4548,/theta/v=1656498234386
1656498678.8749866,consumer,483,4400,/theta/v=1656498234386
1656498678.8755584,producer,484,4549,/theta/v=1656498234386
1656498678.8762732,consumer,484,4400,/theta/v=1656498234386
1656498678.8768797,producer,485,4548,/theta/v=1656498234386
1656498678.877617,consumer,485,4400,/theta/v=1656498234386
1656498678.8782873,producer,486,4549,/theta/v=1656498234386
1656498678.8791893,consumer,486,4400,/theta/v=1656498234386
1656498678.8798504,producer,487,4550,/theta/v=1656498234386
1656498678.8805676,consumer,487,4400,/theta/v=1656498234386
1656498678.8812015,producer,488,4549,/theta/v=1656498234386
1656498678.8819525,consumer,488,4400,/theta/v=1656498234386
1656498678.8827012,producer,489,4549,/theta/v=1656498234386
1656498678.883349,consumer,489,4400,/theta/v=1656498234386
1656498678.8839686,producer,490,4548,/theta/v=1656498234386
1656498678.8847218,consumer,490,4400,/theta/v=1656498234386
1656498678.8853488,producer,491,4548,/theta/v=1656498234386
1656498678.886118,consumer,491,4400,/theta/v=1656498234386
1656498678.8867676,producer,492,4549,/theta/v=1656498234386
1656498678.8874388,consumer,492,4400,/theta/v=1656498234386
1656498678.8880525,producer,493,4549,/theta/v=1656498234386
1656498678.888795,consumer,493,4400,/theta/v=1656498234386
1656498678.8894513,producer,494,4549,/theta/v=1656498234386
1656498678.8902156,consumer,494,4400,/theta/v=1656498234386
1656498678.8909676,producer,495,4549,/theta/v=1656498234386
1656498678.8916698,consumer,495,4400,/theta/v=1656498234386
1656498678.8922706,producer,496,4548,/theta/v=1656498234386
1656498678.8930082,consumer,496,4400,/theta/v=1656498234386
1656498678.893657,producer,497,4549,/theta/v=1656498234386
1656498678.8945189,consumer,497,4400,/theta/v=1656498234386
1656498678.8952587,producer,498,4549,/theta/v=1656498234386
1656498678.8961222,consumer,498,4400,/theta/v=1656498234386
1656498678.8967543,producer,499,4550,/theta/v=1656498234386
1656498678.8975117,consumer,499,4400,/theta/v=1656498234386
1656498678.8982315,producer,500,4550,/theta/v=1656498234386
1656498678.8991842,consumer,500,4400,/theta/v=1656498234386
1656498678.8998199,producer,501,4548,/theta/v=1656498234386
1656498678.9005868,consumer,501,4400,/theta/v=1656498234386
1656498678.9012427,producer,502,4550,/theta/v=1656498234386
1656498678.9020429,consumer,502,4400,/theta/v=1656498234386
1656498678.902724,producer,503,4549,/theta/v=1656498234386
1656498678.9034452,consumer,503,4400,/theta/v=1656498234386
1656498678.9041193,producer,504,4548,/theta/v=1656498234386
1656498678.904874,consumer,504,4400,/theta/v=1656498234386
1656498678.9055028,producer,505,4550,/theta/v=1656498234386
1656498678.906233,consumer,505,4400,/theta/v=1656498234386
1656498678.9069748,producer,506,4548,/theta/v=1656498234386
1656498678.9077632,consumer,506,4400,/theta/v=1656498234386
1656498678.908459,producer,507,4549,/theta/v=1656498234386
1656498678.9091723,consumer,507,4400,/theta/v=1656498234386
1656498678.909815,producer,508,4549,/theta/v=1656498234386
1656498678.9105105,consumer,508,4400,/theta/v=1656498234386
1656498678.9112492,producer,509,4549,/theta/v=1656498234386
1656498678.9119825,consumer,509,4400,/theta/v=1656498234386
1656498678.9127257,producer,510,4549,/theta/v=1656498234386
1656498678.9135118,consumer,510,4400,/theta/v=1656498234386
1656498678.9142199,producer,511,4548,/theta/v=1656498234386
1656498678.915232,consumer,511,4400,/theta/v=1656498234386
1656498678.9158974,producer,512,4549,/theta/v=1656498234386
1656498678.9166846,consumer,512,4400,/theta/v=1656498234386
1656498678.9173224,producer,513,4549,/theta/v=1656498234386
1656498678.9180002,consumer,513,4400,/theta/v=1656498234386
1656498678.9186032,producer,514,4549,/theta/v=1656498234386
1656498678.9194381,consumer,514,4400,/theta/v=1656498234386
1656498678.9200785,producer,515,4548,/theta/v=1656498234386
1656498678.9208019,consumer,515,4400,/theta/v=1656498234386
1656498678.9214635,producer,516,4548,/theta/v=1656498234386
1656498678.9224472,consumer,516,4400,/theta/v=1656498234386
1656498678.9232855,producer,517,4548,/theta/v=1656498234386
1656498678.924,consumer,517,4400,/theta/v=1656498234386
1656498678.9246767,producer,518,4548,/theta/v=1656498234386
1656498678.925396,consumer,518,4400,/theta/v=1656498234386
1656498678.9260716,producer,519,4549,/theta/v=1656498234386
1656498678.9268394,consumer,519,4400,/theta/v=1656498234386
1656498678.9275367,producer,520,4550,/theta/v=1656498234386
1656498678.9283967,consumer,520,4400,/theta/v=1656498234386
1656498678.9290764,producer,521,4550,/theta/v=1656498234386
1656498678.929808,consumer,521,4400,/theta/v=1656498234386
1656498678.9304752,producer,522,4548,/theta/v=1656498234386
1656498678.931367,consumer,522,4400,/theta/v=1656498234386
1656498678.9320483,producer,523,4549,/theta/v=1656498234386
1656498678.9328392,consumer,523,4400,/theta/v=1656498234386
1656498678.9335163,producer,524,4550,/theta/v=1656498234386
1656498678.9343445,consumer,524,4400,/theta/v=1656498234386
1656498678.9350398,producer,525,4548,/theta/v=1656498234386
1656498678.936576,consumer,525,4400,/theta/v=1656498234386
1656498678.9371727,producer,526,4549,/theta/v=1656498234386
1656498678.9379594,consumer,526,4400,/theta/v=1656498234386
1656498678.9387197,producer,527,4550,/theta/v=1656498234386
1656498678.9395087,consumer,527,4400,/theta/v=1656498234386
1656498678.940284,producer,528,4550,/theta/v=1656498234386
1656498678.9410288,consumer,528,4400,/theta/v=1656498234386
1656498678.9416194,producer,529,4549,/theta/v=1656498234386
1656498678.9424353,consumer,529,4400,/theta/v=1656498234386
1656498678.9432359,producer,530,4549,/theta/v=1656498234386
1656498678.9440029,consumer,530,4400,/theta/v=1656498234386
1656498678.9446723,producer,531,4548,/theta/v=1656498234386
1656498678.9454372,consumer,531,4400,/theta/v=1656498234386
1656498678.9460948,producer,532,4549,/theta/v=1656498234386
1656498678.9469438,consumer,532,4400,/theta/v=1656498234386
1656498678.9475818,producer,533,4549,/theta/v=1656498234386
1656498678.9483948,consumer,533,4400,/theta/v=1656498234386
1656498678.9490285,producer,534,4549,/theta/v=1656498234386
1656498678.9498866,consumer,534,4400,/theta/v=1656498234386
1656498678.9505615,producer,535,4550,/theta/v=1656498234386
1656498678.9514122,consumer,535,4400,/theta/v=1656498234386
1656498678.9520066,producer,536,4548,/theta/v=1656498234386
1656498678.9528234,consumer,536,4400,/theta/v=1656498234386
1656498678.953476,producer,537,4550,/theta/v=1656498234386
1656498678.9542336,consumer,537,4400,/theta/v=1656498234386
1656498678.9550405,producer,538,4549,/theta/v=1656498234386
1656498678.9557836,consumer,538,4400,/theta/v=1656498234386
1656498678.956484,producer,539,4548,/theta/v=1656498234386
1656498678.9571955,consumer,539,4400,/theta/v=1656498234386
1656498678.957934,producer,540,4550,/theta/v=1656498234386
1656498678.9587955,consumer,540,4400,/theta/v=1656498234386
1656498678.9594667,producer,541,4549,/theta/v=1656498234386
1656498678.9602284,consumer,541,4400,/theta/v=1656498234386
1656498678.9608002,producer,542,4548,/theta/v=1656498234386
1656498678.9615915,consumer,542,4400,/theta/v=1656498234386
1656498678.9622712,producer,543,4549,/theta/v=1656498234386
1656498678.963152,consumer,543,4400,/theta/v=1656498234386
1656498678.963799,producer,544,4548,/theta/v=1656498234386
1656498678.9646313,consumer,544,4400,/theta/v=1656498234386
1656498678.9653194,producer,545,4549,/theta/v=1656498234386
1656498678.9661028,consumer,545,4400,/theta/v=1656498234386
1656498678.9667637,producer,546,4549,/theta/v=1656498234386
1656498678.967557,consumer,546,4400,/theta/v=1656498234386
1656498678.9682782,producer,547,4549,/theta/v=1656498234386
1656498678.969002,consumer,547,4400,/theta/v=1656498234386
1656498678.9696183,producer,548,4549,/theta/v=1656498234386
1656498678.9704635,consumer,548,4400,/theta/v=1656498234386
1656498678.9712644,producer,549,4550,/theta/v=1656498234386
1656498678.9720507,consumer,549,4400,/theta/v=1656498234386
1656498678.972719,producer,550,4550,/theta/v=1656498234386
1656498678.9735117,consumer,550,4400,/theta/v=1656498234386
1656498678.974169,producer,551,4548,/theta/v=1656498234386
1656498678.9750824,consumer,551,4400,/theta/v=1656498234386
1656498678.9757545,producer,552,4550,/theta/v=1656498234386
1656498678.9765465,consumer,552,4400,/theta/v=1656498234386
1656498678.9772298,producer,553,4549,/theta/v=1656498234386
1656498678.9780722,consumer,553,4400,/theta/v=1656498234386
1656498678.978716,producer,554,4548,/theta/v=1656498234386
1656498678.9794755,consumer,554,4400,/theta/v=1656498234386
1656498678.9800587,producer,555,4550,/theta/v=1656498234386
1656498678.9808252,consumer,555,4400,/theta/v=1656498234386
1656498678.9815233,producer,556,4550,/theta/v=1656498234386
1656498678.9824111,consumer,556,4400,/theta/v=1656498234386
1656498678.983185,producer,557,4548,/theta/v=1656498234386
1656498678.9840124,consumer,557,4400,/theta/v=1656498234386
1656498678.984751,producer,558,4549,/theta/v=1656498234386
1656498678.9855468,consumer,558,4400,/theta/v=1656498234386
1656498678.986308,producer,559,4550,/theta/v=1656498234386
1656498678.987142,consumer,559,4400,/theta/v=1656498234386
1656498678.987817,producer,560,4549,/theta/v=1656498234386
1656498678.9887323,consumer,560,4400,/theta/v=1656498234386
1656498678.9894068,producer,561,4549,/theta/v=1656498234386
1656498678.9902391,consumer,561,4400,/theta/v=1656498234386
1656498678.9910238,producer,562,4549,/theta/v=1656498234386
1656498678.9917815,consumer,562,4400,/theta/v=1656498234386
1656498678.9925625,producer,563,4548,/theta/v=1656498234386
1656498678.9933934,consumer,563,4400,/theta/v=1656498234386
1656498678.9940777,producer,564,4549,/theta/v=1656498234386
1656498678.994997,consumer,564,4400,/theta/v=1656498234386
1656498678.9957712,producer,565,4549,/theta/v=1656498234386
1656498678.9966836,consumer,565,4400,/theta/v=1656498234386
1656498678.997497,producer,566,4549,/theta/v=1656498234386
1656498678.998439,consumer,566,4400,/theta/v=1656498234386
1656498679.0031242,producer,567,4548,/theta/v=1656498234386
1656498679.0041566,consumer,567,4400,/theta/v=1656498234386
1656498679.0049767,producer,568,4549,/theta/v=1656498234386
1656498679.0057356,consumer,568,4400,/theta/v=1656498234386
1656498679.0064228,producer,569,4550,/theta/v=1656498234386
1656498679.0073166,consumer,569,4400,/theta/v=1656498234386
1656498679.007953,producer,570,4548,/theta/v=1656498234386
1656498679.0086596,consumer,570,4400,/theta/v=1656498234386
1656498679.0092962,producer,571,4549,/theta/v=1656498234386
1656498679.0100195,consumer,571,4400,/theta/v=1656498234386
1656498679.0120718,producer,572,4548,/theta/v=1656498234386
1656498679.014264,consumer,572,4400,/theta/v=1656498234386
1656498679.0188687,producer,573,4548,/theta/v=1656498234386
1656498679.01974,consumer,573,4400,/theta/v=1656498234386
1656498679.0204887,producer,574,4548,/theta/v=1656498234386
1656498679.0212858,consumer,574,4400,/theta/v=1656498234386
1656498679.0221243,producer,575,4550,/theta/v=1656498234386
1656498679.0232854,consumer,575,4400,/theta/v=1656498234386
1656498679.0240989,producer,576,4549,/theta/v=1656498234386
1656498679.0249753,consumer,576,4400,/theta/v=1656498234386
1656498679.0257962,producer,577,4548,/theta/v=1656498234386
1656498679.026961,consumer,577,4400,/theta/v=1656498234386
1656498679.027768,producer,578,4550,/theta/v=1656498234386
1656498679.0286386,consumer,578,4400,/theta/v=1656498234386
1656498679.0293899,producer,579,4550,/theta/v=1656498234386
1656498679.0302758,consumer,579,4400,/theta/v=1656498234386
1656498679.0312128,producer,580,4549,/theta/v=1656498234386
1656498679.0321128,consumer,580,4400,/theta/v=1656498234386
1656498679.032906,producer,581,4548,/theta/v=1656498234386
1656498679.0336862,consumer,581,4400,/theta/v=1656498234386
1656498679.034363,producer,582,4548,/theta/v=1656498234386
1656498679.0352268,consumer,582,4400,/theta/v=1656498234386
1656498679.0358372,producer,583,4549,/theta/v=1656498234386
1656498679.0365531,consumer,583,4400,/theta/v=1656498234386
1656498679.0371873,producer,584,4549,/theta/v=1656498234386
1656498679.0380168,consumer,584,4400,/theta/v=1656498234386
1656498679.0388901,producer,585,4549,/theta/v=1656498234386
1656498679.039813,consumer,585,4400,/theta/v=1656498234386
1656498679.0406213,producer,586,4549,/theta/v=1656498234386
1656498679.0414374,consumer,586,4400,/theta/v=1656498234386
1656498679.0422258,producer,587,4549,/theta/v=1656498234386
1656498679.0431364,consumer,587,4400,/theta/v=1656498234386
1656498679.0438507,producer,588,4549,/theta/v=1656498234386
1656498679.0446236,consumer,588,4400,/theta/v=1656498234386
1656498679.0452724,producer,589,4550,/theta/v=1656498234386
1656498679.04604,consumer,589,4400,/theta/v=1656498234386
1656498679.0467823,producer,590,4549,/theta/v=1656498234386
1656498679.0475895,consumer,590,4400,/theta/v=1656498234386
1656498679.0482721,producer,591,4549,/theta/v=1656498234386
1656498679.049077,consumer,591,4400,/theta/v=1656498234386
1656498679.0496438,producer,592,4548,/theta/v=1656498234386
1656498679.0503771,consumer,592,4400,/theta/v=1656498234386
1656498679.0510476,producer,593,4548,/theta/v=1656498234386
1656498679.0518134,consumer,593,4400,/theta/v=1656498234386
1656498679.0524244,producer,594,4548,/theta/v=1656498234386
1656498679.053146,consumer,594,4400,/theta/v=1656498234386
1656498679.0537388,producer,595,4549,/theta/v=1656498234386
1656498679.054792,consumer,595,4400,/theta/v=1656498234386
1656498679.0555687,producer,596,4548,/theta/v=1656498234386
1656498679.0563188,consumer,596,4400,/theta/v=1656498234386
1656498679.0569763,producer,597,4549,/theta/v=1656498234386
1656498679.0577145,consumer,597,4400,/theta/v=1656498234386
1656498679.058322,producer,598,4550,/theta/v=1656498234386
1656498679.059203,consumer,598,4400,/theta/v=1656498234386
1656498679.0598538,producer,599,4549,/theta/v=1656498234386
1656498679.0605626,consumer,599,4400,/theta/v=1656498234386
1656498679.0612512,producer,600,4548,/theta/v=1656498234386
1656498679.061966,consumer,600,4400,/theta/v=1656498234386
1656498679.0627363,producer,601,4549,/theta/v=1656498234386
1656498679.0634675,consumer,601,4400,/theta/v=1656498234386
1656498679.064061,producer,602,4549,/theta/v=1656498234386
1656498679.0647697,consumer,602,4400,/theta/v=1656498234386
1656498679.0653663,producer,603,4549,/theta/v=1656498234386
1656498679.0661354,consumer,603,4400,/theta/v=1656498234386
1656498679.0669737,producer,604,4549,/theta/v=1656498234386
1656498679.0676756,consumer,604,4400,/theta/v=1656498234386
1656498679.0682044,producer,605,4549,/theta/v=1656498234386
1656498679.06896,consumer,605,4400,/theta/v=1656498234386
1656498679.0696132,producer,606,4550,/theta/v=1656498234386
1656498679.0703459,consumer,606,4400,/theta/v=1656498234386
1656498679.071055,producer,607,4550,/theta/v=1656498234386
1656498679.071836,consumer,607,4400,/theta/v=1656498234386
1656498679.072521,producer,608,4549,/theta/v=1656498234386
1656498679.0732768,consumer,608,4400,/theta/v=1656498234386
1656498679.0739396,producer,609,4550,/theta/v=1656498234386
1656498679.0749278,consumer,609,4400,/theta/v=1656498234386
1656498679.0755508,producer,610,4548,/theta/v=1656498234386
1656498679.076297,consumer,610,4400,/theta/v=1656498234386
1656498679.076906,producer,611,4550,/theta/v=1656498234386
1656498679.0776656,consumer,611,4400,/theta/v=1656498234386
1656498679.0782945,producer,612,4549,/theta/v=1656498234386
1656498679.079211,consumer,612,4400,/theta/v=1656498234386
1656498679.0798292,producer,613,4550,/theta/v=1656498234386
1656498679.0805798,consumer,613,4400,/theta/v=1656498234386
1656498679.081214,producer,614,4548,/theta/v=1656498234386
1656498679.081933,consumer,614,4400,/theta/v=1656498234386
1656498679.0826108,producer,615,4549,/theta/v=1656498234386
1656498679.0835989,consumer,615,4400,/theta/v=1656498234386
1656498679.0842304,producer,616,4549,/theta/v=1656498234386
1656498679.0849342,consumer,616,4400,/theta/v=1656498234386
1656498679.0855625,producer,617,4550,/theta/v=1656498234386
1656498679.0863442,consumer,617,4400,/theta/v=1656498234386
1656498679.0870218,producer,618,4550,/theta/v=1656498234386
1656498679.087813,consumer,618,4400,/theta/v=1656498234386
1656498679.0884564,producer,619,4549,/theta/v=1656498234386
1656498679.0892818,consumer,619,4400,/theta/v=1656498234386
1656498679.0899532,producer,620,4549,/theta/v=1656498234386
1656498679.0908558,consumer,620,4400,/theta/v=1656498234386
1656498679.0915546,producer,621,4550,/theta/v=1656498234386
1656498679.092319,consumer,621,4400,/theta/v=1656498234386
1656498679.09292,producer,622,4550,/theta/v=1656498234386
1656498679.0937223,consumer,622,4400,/theta/v=1656498234386
1656498679.0943124,producer,623,4548,/theta/v=1656498234386
1656498679.0952592,consumer,623,4400,/theta/v=1656498234386
1656498679.095978,producer,624,4550,/theta/v=1656498234386
1656498679.0967135,consumer,624,4400,/theta/v=1656498234386
1656498679.097328,producer,625,4549,/theta/v=1656498234386
1656498679.0981262,consumer,625,4400,/theta/v=1656498234386
1656498679.0989096,producer,626,4549,/theta/v=1656498234386
1656498679.0996373,consumer,626,4400,/theta/v=1656498234386
1656498679.1002533,producer,627,4549,/theta/v=1656498234386
1656498679.1010299,consumer,627,4400,/theta/v=1656498234386
1656498679.1016262,producer,628,4549,/theta/v=1656498234386
1656498679.102438,consumer,628,4400,/theta/v=1656498234386
1656498679.103178,producer,629,4549,/theta/v=1656498234386
1656498679.1040194,consumer,629,4400,/theta/v=1656498234386
1656498679.1046896,producer,630,4548,/theta/v=1656498234386
1656498679.10546,consumer,630,4400,/theta/v=1656498234386
1656498679.1060474,producer,631,4549,/theta/v=1656498234386
1656498679.1070182,consumer,631,4400,/theta/v=1656498234386
1656498679.107731,producer,632,4548,/theta/v=1656498234386
1656498679.1084528,consumer,632,4400,/theta/v=1656498234386
1656498679.1091297,producer,633,4549,/theta/v=1656498234386
1656498679.1098654,consumer,633,4400,/theta/v=1656498234386
1656498679.1104574,producer,634,4548,/theta/v=1656498234386
1656498679.111431,consumer,634,4400,/theta/v=1656498234386
1656498679.112194,producer,635,4548,/theta/v=1656498234386
1656498679.1129935,consumer,635,4400,/theta/v=1656498234386
1656498679.1136334,producer,636,4549,/theta/v=1656498234386
1656498679.1143737,consumer,636,4400,/theta/v=1656498234386
1656498679.115065,producer,637,4548,/theta/v=1656498234386
1656498679.1158364,consumer,637,4400,/theta/v=1656498234386
1656498679.1164103,producer,638,4549,/theta/v=1656498234386
1656498679.1171458,consumer,638,4400,/theta/v=1656498234386
1656498679.1176972,producer,639,4549,/theta/v=1656498234386
1656498679.1182249,consumer,639,4400,/theta/v=1656498234386
1656498679.1202242,producer,640,4548,/theta/v=1656498234386
1656498679.1210122,consumer,640,4400,/theta/v=1656498234386
1656498679.1216705,producer,641,4550,/theta/v=1656498234386
1656498679.1224074,consumer,641,4400,/theta/v=1656498234386
1656498679.1231778,producer,642,4548,/theta/v=1656498234386
1656498679.12398,consumer,642,4400,/theta/v=1656498234386
1656498679.1246393,producer,643,4548,/theta/v=1656498234386
1656498679.1253967,consumer,643,4400,/theta/v=1656498234386
1656498679.1260118,producer,644,4548,/theta/v=1656498234386
1656498679.1268902,consumer,644,4400,/theta/v=1656498234386
1656498679.12753,producer,645,4549,/theta/v=1656498234386
1656498679.1282163,consumer,645,4400,/theta/v=1656498234386
1656498679.1288166,producer,646,4549,/theta/v=1656498234386
1656498679.1296375,consumer,646,4400,/theta/v=1656498234386
1656498679.130283,producer,647,4550,/theta/v=1656498234386
1656498679.13121,consumer,647,4400,/theta/v=1656498234386
1656498679.1318796,producer,648,4548,/theta/v=1656498234386
1656498679.1327004,consumer,648,4400,/theta/v=1656498234386
1656498679.1333463,producer,649,4549,/theta/v=1656498234386
1656498679.1341305,consumer,649,4400,/theta/v=1656498234386
1656498679.1348703,producer,650,4548,/theta/v=1656498234386
1656498679.13563,consumer,650,4400,/theta/v=1656498234386
1656498679.136289,producer,651,4550,/theta/v=1656498234386
1656498679.1370115,consumer,651,4400,/theta/v=1656498234386
1656498679.1377313,producer,652,4550,/theta/v=1656498234386
1656498679.1385188,consumer,652,4400,/theta/v=1656498234386
1656498679.1392963,producer,653,4548,/theta/v=1656498234386
1656498679.140145,consumer,653,4400,/theta/v=1656498234386
1656498679.1407802,producer,654,4548,/theta/v=1656498234386
1656498679.1415896,consumer,654,4400,/theta/v=1656498234386
1656498679.1423318,producer,655,4548,/theta/v=1656498234386
1656498679.1432538,consumer,655,4400,/theta/v=1656498234386
1656498679.1438398,producer,656,4550,/theta/v=1656498234386
1656498679.1445658,consumer,656,4400,/theta/v=1656498234386
1656498679.1451812,producer,657,4547,/theta/v=1656498234386
1656498679.1459515,consumer,657,4400,/theta/v=1656498234386
1656498679.1466935,producer,658,4549,/theta/v=1656498234386
1656498679.1474192,consumer,658,4400,/theta/v=1656498234386
1656498679.1480696,producer,659,4550,/theta/v=1656498234386
1656498679.1488256,consumer,659,4400,/theta/v=1656498234386
1656498679.149454,producer,660,4549,/theta/v=1656498234386
1656498679.150233,consumer,660,4400,/theta/v=1656498234386
1656498679.1509483,producer,661,4549,/theta/v=1656498234386
1656498679.1516209,consumer,661,4400,/theta/v=1656498234386
1656498679.1523042,producer,662,4548,/theta/v=1656498234386
1656498679.1531448,consumer,662,4400,/theta/v=1656498234386
1656498679.1537554,producer,663,4549,/theta/v=1656498234386
1656498679.1544943,consumer,663,4400,/theta/v=1656498234386
1656498679.1552963,producer,664,4549,/theta/v=1656498234386
1656498679.156008,consumer,664,4400,/theta/v=1656498234386
1656498679.1566796,producer,665,4548,/theta/v=1656498234386
1656498679.1574068,consumer,665,4400,/theta/v=1656498234386
1656498679.1580405,producer,666,4548,/theta/v=1656498234386
1656498679.1590593,consumer,666,4400,/theta/v=1656498234386
1656498679.1597528,producer,667,4550,/theta/v=1656498234386
1656498679.1604831,consumer,667,4400,/theta/v=1656498234386
1656498679.1611264,producer,668,4548,/theta/v=1656498234386
1656498679.161884,consumer,668,4400,/theta/v=1656498234386
1656498679.1624618,producer,669,4548,/theta/v=1656498234386
1656498679.1632936,consumer,669,4400,/theta/v=1656498234386
1656498679.163933,producer,670,4550,/theta/v=1656498234386
1656498679.1646526,consumer,670,4400,/theta/v=1656498234386
1656498679.1652493,producer,671,4550,/theta/v=1656498234386
1656498679.165972,consumer,671,4400,/theta/v=1656498234386
1656498679.166804,producer,672,4549,/theta/v=1656498234386
1656498679.167712,consumer,672,4400,/theta/v=1656498234386
1656498679.1683679,producer,673,4550,/theta/v=1656498234386
1656498679.1690853,consumer,673,4400,/theta/v=1656498234386
1656498679.1696668,producer,674,4549,/theta/v=1656498234386
1656498679.1703649,consumer,674,4400,/theta/v=1656498234386
1656498679.171021,producer,675,4550,/theta/v=1656498234386
1656498679.171887,consumer,675,4400,/theta/v=1656498234386
1656498679.1725059,producer,676,4549,/theta/v=1656498234386
1656498679.1734197,consumer,676,4400,/theta/v=1656498234386
1656498679.1740227,producer,677,4549,/theta/v=1656498234386
1656498679.1749306,consumer,677,4400,/theta/v=1656498234386
1656498679.1755495,producer,678,4548,/theta/v=1656498234386
1656498679.176411,consumer,678,4400,/theta/v=1656498234386
1656498679.17702,producer,679,4550,/theta/v=1656498234386
1656498679.177843,consumer,679,4400,/theta/v=1656498234386
1656498679.1784272,producer,680,4549,/theta/v=1656498234386
1656498679.1792555,consumer,680,4400,/theta/v=1656498234386
1656498679.1798031,producer,681,4549,/theta/v=1656498234386
1656498679.1806052,consumer,681,4400,/theta/v=1656498234386
1656498679.1812031,producer,682,4548,/theta/v=1656498234386
1656498679.1821527,consumer,682,4400,/theta/v=1656498234386
1656498679.1828294,producer,683,4549,/theta/v=1656498234386
1656498679.1836674,consumer,683,4400,/theta/v=1656498234386
1656498679.1842115,producer,684,4549,/theta/v=1656498234386
1656498679.185056,consumer,684,4400,/theta/v=1656498234386
1656498679.1855967,producer,685,4550,/theta/v=1656498234386
1656498679.1863976,consumer,685,4400,/theta/v=1656498234386
1656498679.1871593,producer,686,4549,/theta/v=1656498234386
1656498679.1880076,consumer,686,4400,/theta/v=1656498234386
1656498679.1886785,producer,687,4549,/theta/v=1656498234386
1656498679.189536,consumer,687,4400,/theta/v=1656498234386
1656498679.1900775,producer,688,4549,/theta/v=1656498234386
1656498679.1911442,consumer,688,4400,/theta/v=1656498234386
1656498679.191724,producer,689,4549,/theta/v=1656498234386
1656498679.1925778,consumer,689,4400,/theta/v=1656498234386
1656498679.193178,producer,690,4549,/theta/v=1656498234386
1656498679.1940987,consumer,690,4400,/theta/v=1656498234386
1656498679.19484,producer,691,4549,/theta/v=1656498234386
1656498679.1958208,consumer,691,4400,/theta/v=1656498234386
1656498679.1964478,producer,692,4548,/theta/v=1656498234386
1656498679.19731,consumer,692,4400,/theta/v=1656498234386
1656498679.1978538,producer,693,4548,/theta/v=1656498234386
1656498679.1988628,consumer,693,4400,/theta/v=1656498234386
1656498679.1994584,producer,694,4549,/theta/v=1656498234386
1656498679.200293,consumer,694,4400,/theta/v=1656498234386
1656498679.2008562,producer,695,4550,/theta/v=1656498234386
1656498679.2017393,consumer,695,4400,/theta/v=1656498234386
1656498679.202351,producer,696,4550,/theta/v=1656498234386
1656498679.2032778,consumer,696,4400,/theta/v=1656498234386
1656498679.203848,producer,697,4549,/theta/v=1656498234386
1656498679.2046986,consumer,697,4400,/theta/v=1656498234386
1656498679.2052803,producer,698,4549,/theta/v=1656498234386
1656498679.2060692,consumer,698,4400,/theta/v=1656498234386
1656498679.2067306,producer,699,4549,/theta/v=1656498234386
1656498679.2076683,consumer,699,4400,/theta/v=1656498234386
1656498679.2082384,producer,700,4550,/theta/v=1656498234386
1656498679.2090304,consumer,700,4400,/theta/v=1656498234386
1656498679.2095203,producer,701,4549,/theta/v=1656498234386
1656498679.2102938,consumer,701,4400,/theta/v=1656498234386
1656498679.2109714,producer,702,4549,/theta/v=1656498234386
1656498679.2117963,consumer,702,4400,/theta/v=1656498234386
1656498679.2124245,producer,703,4549,/theta/v=1656498234386
1656498679.213334,consumer,703,4400,/theta/v=1656498234386
1656498679.213905,producer,704,4548,/theta/v=1656498234386
1656498679.2148032,consumer,704,4400,/theta/v=1656498234386
1656498679.2154174,producer,705,4548,/theta/v=1656498234386
1656498679.216272,consumer,705,4400,/theta/v=1656498234386
1656498679.2168422,producer,706,4549,/theta/v=1656498234386
1656498679.2176106,consumer,706,4400,/theta/v=1656498234386
1656498679.2181313,producer,707,4549,/theta/v=1656498234386
1656498679.219171,consumer,707,4400,/theta/v=1656498234386
1656498679.219719,producer,708,4549,/theta/v=1656498234386
1656498679.220552,consumer,708,4400,/theta/v=1656498234386
1656498679.221075,producer,709,4550,/theta/v=1656498234386
1656498679.221852,consumer,709,4400,/theta/v=1656498234386
1656498679.222494,producer,710,4548,/theta/v=1656498234386
1656498679.2234297,consumer,710,4400,/theta/v=1656498234386
1656498679.2239761,producer,711,4548,/theta/v=1656498234386
1656498679.2247605,consumer,711,4400,/theta/v=1656498234386
1656498679.2253149,producer,712,4549,/theta/v=1656498234386
1656498679.2261643,consumer,712,4400,/theta/v=1656498234386
1656498679.2267537,producer,713,4549,/theta/v=1656498234386
1656498679.2275465,consumer,713,4400,/theta/v=1656498234386
1656498679.2280893,producer,714,4548,/theta/v=1656498234386
1656498679.2288482,consumer,714,4400,/theta/v=1656498234386
1656498679.2293365,producer,715,4549,/theta/v=1656498234386
1656498679.2301285,consumer,715,4400,/theta/v=1656498234386
1656498679.2308252,producer,716,4550,/theta/v=1656498234386
1656498679.2316175,consumer,716,4400,/theta/v=1656498234386
1656498679.2321503,producer,717,4549,/theta/v=1656498234386
1656498679.2330163,consumer,717,4400,/theta/v=1656498234386
1656498679.233601,producer,718,4550,/theta/v=1656498234386
1656498679.2344174,consumer,718,4400,/theta/v=1656498234386
1656498679.2350423,producer,719,4549,/theta/v=1656498234386
1656498679.235845,consumer,719,4400,/theta/v=1656498234386
1656498679.2364478,producer,720,4549,/theta/v=1656498234386
1656498679.237379,consumer,720,4400,/theta/v=1656498234386
1656498679.2380462,producer,721,4549,/theta/v=1656498234386
1656498679.2390523,consumer,721,4400,/theta/v=1656498234386
1656498679.2397306,producer,722,4548,/theta/v=1656498234386
1656498679.240575,consumer,722,4400,/theta/v=1656498234386
1656498679.2411695,producer,723,4548,/theta/v=1656498234386
1656498679.2420695,consumer,723,4400,/theta/v=1656498234386
1656498679.242771,producer,724,4549,/theta/v=1656498234386
1656498679.2436407,consumer,724,4400,/theta/v=1656498234386
1656498679.2442296,producer,725,4550,/theta/v=1656498234386
1656498679.245021,consumer,725,4400,/theta/v=1656498234386
1656498679.2456045,producer,726,4550,/theta/v=1656498234386
1656498679.2463667,consumer,726,4400,/theta/v=1656498234386
1656498679.247023,producer,727,4550,/theta/v=1656498234386
1656498679.247867,consumer,727,4400,/theta/v=1656498234386
1656498679.2484531,producer,728,4550,/theta/v=1656498234386
1656498679.2493114,consumer,728,4400,/theta/v=1656498234386
1656498679.249962,producer,729,4550,/theta/v=1656498234386
1656498679.2508874,consumer,729,4400,/theta/v=1656498234386
1656498679.2514298,producer,730,4548,/theta/v=1656498234386
1656498679.253025,consumer,730,4400,/theta/v=1656498234386
1656498679.2536252,producer,731,4548,/theta/v=1656498234386
1656498679.254527,consumer,731,4400,/theta/v=1656498234386
1656498679.2551606,producer,732,4550,/theta/v=1656498234386
1656498679.2559593,consumer,732,4400,/theta/v=1656498234386
1656498679.2565615,producer,733,4549,/theta/v=1656498234386
1656498679.2573817,consumer,733,4400,/theta/v=1656498234386
1656498679.257953,producer,734,4550,/theta/v=1656498234386
1656498679.2588506,consumer,734,4400,/theta/v=1656498234386
1656498679.2594368,producer,735,4548,/theta/v=1656498234386
1656498679.2603035,consumer,735,4400,/theta/v=1656498234386
1656498679.2608953,producer,736,4549,/theta/v=1656498234386
1656498679.2617328,consumer,736,4400,/theta/v=1656498234386
1656498679.2624338,producer,737,4549,/theta/v=1656498234386
1656498679.2633886,consumer,737,4400,/theta/v=1656498234386
1656498679.2639828,producer,738,4549,/theta/v=1656498234386
1656498679.2648077,consumer,738,4400,/theta/v=1656498234386
1656498679.2653627,producer,739,4549,/theta/v=1656498234386
1656498679.2662697,consumer,739,4400,/theta/v=1656498234386
1656498679.2669578,producer,740,4548,/theta/v=1656498234386
1656498679.267794,consumer,740,4400,/theta/v=1656498234386
1656498679.2683659,producer,741,4549,/theta/v=1656498234386
1656498679.26923,consumer,741,4400,/theta/v=1656498234386
1656498679.2697744,producer,742,4548,/theta/v=1656498234386
1656498679.270538,consumer,742,4400,/theta/v=1656498234386
1656498679.2712433,producer,743,4549,/theta/v=1656498234386
1656498679.272085,consumer,743,4400,/theta/v=1656498234386
1656498679.2726934,producer,744,4550,/theta/v=1656498234386
1656498679.2735424,consumer,744,4400,/theta/v=1656498234386
1656498679.274098,producer,745,4549,/theta/v=1656498234386
1656498679.2750087,consumer,745,4400,/theta/v=1656498234386
1656498679.2755723,producer,746,4550,/theta/v=1656498234386
1656498679.276445,consumer,746,4400,/theta/v=1656498234386
1656498679.2769465,producer,747,4548,/theta/v=1656498234386
1656498679.2777917,consumer,747,4400,/theta/v=1656498234386
1656498679.27833,producer,748,4550,/theta/v=1656498234386
1656498679.2792275,consumer,748,4400,/theta/v=1656498234386
1656498679.279717,producer,749,4548,/theta/v=1656498234386
1656498679.2804658,consumer,749,4400,/theta/v=1656498234386
1656498679.2810242,producer,750,4550,/theta/v=1656498234386
1656498679.2818763,consumer,750,4400,/theta/v=1656498234386
1656498679.2824469,producer,751,4550,/theta/v=1656498234386
1656498679.283344,consumer,751,4400,/theta/v=1656498234386
1656498679.2839272,producer,752,4549,/theta/v=1656498234386
1656498679.2847745,consumer,752,4400,/theta/v=1656498234386
1656498679.285325,producer,753,4548,/theta/v=1656498234386
1656498679.2861612,consumer,753,4400,/theta/v=1656498234386
1656498679.286735,producer,754,4549,/theta/v=1656498234386
1656498679.2876484,consumer,754,4400,/theta/v=1656498234386
1656498679.2882268,producer,755,4549,/theta/v=1656498234386
1656498679.2890801,consumer,755,4400,/theta/v=1656498234386
1656498679.289835,producer,756,4549,/theta/v=1656498234386
1656498679.2908046,consumer,756,4400,/theta/v=1656498234386
1656498679.2915206,producer,757,4548,/theta/v=1656498234386
1656498679.2923863,consumer,757,4400,/theta/v=1656498234386
1656498679.2929227,producer,758,4549,/theta/v=1656498234386
1656498679.293723,consumer,758,4400,/theta/v=1656498234386
1656498679.2943032,producer,759,4549,/theta/v=1656498234386
1656498679.295289,consumer,759,4400,/theta/v=1656498234386
1656498679.2958932,producer,760,4549,/theta/v=1656498234386
1656498679.2967288,consumer,760,4400,/theta/v=1656498234386
1656498679.2972934,producer,761,4550,/theta/v=1656498234386
1656498679.2981484,consumer,761,4400,/theta/v=1656498234386
1656498679.2987342,producer,762,4550,/theta/v=1656498234386
1656498679.2995315,consumer,762,4400,/theta/v=1656498234386
1656498679.3000755,producer,763,4549,/theta/v=1656498234386
1656498679.3009183,consumer,763,4400,/theta/v=1656498234386
1656498679.3014843,producer,764,4550,/theta/v=1656498234386
1656498679.3022718,consumer,764,4400,/theta/v=1656498234386
1656498679.302957,producer,765,4549,/theta/v=1656498234386
1656498679.3039236,consumer,765,4400,/theta/v=1656498234386
1656498679.3045342,producer,766,4550,/theta/v=1656498234386
1656498679.3061275,consumer,766,4400,/theta/v=1656498234386
1656498679.3067098,producer,767,4550,/theta/v=1656498234386
1656498679.30751,consumer,767,4400,/theta/v=1656498234386
1656498679.3080075,producer,768,4549,/theta/v=1656498234386
1656498679.3087778,consumer,768,4400,/theta/v=1656498234386
1656498679.3093352,producer,769,4548,/theta/v=1656498234386
1656498679.3101559,consumer,769,4400,/theta/v=1656498234386
1656498679.3107736,producer,770,4550,/theta/v=1656498234386
1656498679.3116512,consumer,770,4400,/theta/v=1656498234386
1656498679.312236,producer,771,4549,/theta/v=1656498234386
1656498679.3131464,consumer,771,4400,/theta/v=1656498234386
1656498679.3137283,producer,772,4548,/theta/v=1656498234386
1656498679.3145251,consumer,772,4400,/theta/v=1656498234386
1656498679.3152359,producer,773,4549,/theta/v=1656498234386
1656498679.3160315,consumer,773,4400,/theta/v=1656498234386
1656498679.3165739,producer,774,4550,/theta/v=1656498234386
1656498679.3174348,consumer,774,4400,/theta/v=1656498234386
1656498679.3180685,producer,775,4549,/theta/v=1656498234386
1656498679.3190746,consumer,775,4400,/theta/v=1656498234386
1656498679.3196688,producer,776,4550,/theta/v=1656498234386
1656498679.32046,consumer,776,4400,/theta/v=1656498234386
1656498679.321023,producer,777,4549,/theta/v=1656498234386
1656498679.3218706,consumer,777,4400,/theta/v=1656498234386
1656498679.3224525,producer,778,4550,/theta/v=1656498234386
1656498679.3234522,consumer,778,4400,/theta/v=1656498234386
1656498679.324067,producer,779,4549,/theta/v=1656498234386
1656498679.3249347,consumer,779,4400,/theta/v=1656498234386
1656498679.3255324,producer,780,4549,/theta/v=1656498234386
1656498679.3263235,consumer,780,4400,/theta/v=1656498234386
1656498679.3270144,producer,781,4548,/theta/v=1656498234386
1656498679.3278806,consumer,781,4400,/theta/v=1656498234386
1656498679.3284705,producer,782,4550,/theta/v=1656498234386
1656498679.3292654,consumer,782,4400,/theta/v=1656498234386
1656498679.3298469,producer,783,4549,/theta/v=1656498234386
1656498679.330816,consumer,783,4400,/theta/v=1656498234386
1656498679.3314455,producer,784,4550,/theta/v=1656498234386
1656498679.3322468,consumer,784,4400,/theta/v=1656498234386
1656498679.3328342,producer,785,4550,/theta/v=1656498234386
1656498679.33361,consumer,785,4400,/theta/v=1656498234386
1656498679.3341353,producer,786,4549,/theta/v=1656498234386
1656498679.3351429,consumer,786,4400,/theta/v=1656498234386
1656498679.335729,producer,787,4549,/theta/v=1656498234386
1656498679.3365664,consumer,787,4400,/theta/v=1656498234386
1656498679.3371382,producer,788,4549,/theta/v=1656498234386
1656498679.3381662,consumer,788,4400,/theta/v=1656498234386
1656498679.3395936,producer,789,4549,/theta/v=1656498234386
1656498679.3406582,consumer,789,4400,/theta/v=1656498234386
1656498679.3413262,producer,790,1430,/theta/v=1656498234386
1656498679.3420713,consumer,790,1281,/theta/v=1656498234386
