number,latency,packet size,segment size,header size,trans speed
0,1.4424324035644531,4549,4400,149,25.229605151735537
1,0.980377197265625,4549,4400,149,37.12040641245136
2,0.9362697601318359,4547,4400,147,38.85205049758085
3,0.7846355438232422,4548,4400,148,46.370573301731994
4,0.8475780487060547,4548,4400,148,42.92702017890295
5,0.9028911590576172,4549,4400,149,40.30607635806707
6,0.888824462890625,4547,4400,147,40.92596628326181
7,0.9512901306152344,4548,4400,148,38.24700670075188
8,0.7255077362060547,4549,4400,149,50.16073321327637
9,0.7808208465576172,4548,4400,148,46.59711656061069
10,0.7529258728027344,4547,4400,147,48.31285696770107
11,1.0187625885009766,4548,4400,148,35.713914518137145
12,0.7970333099365234,4547,4400,147,45.63924687526174
13,0.7834434509277344,4547,4400,147,46.43091975167377
14,0.7860660552978516,4548,4400,148,46.28618645313922
15,0.8151531219482422,4548,4400,148,44.63455885814565
16,0.8873939514160156,4548,4400,148,41.00095559806556
17,0.7839202880859375,4547,4400,147,46.402677099756694
18,0.8275508880615234,4549,4400,149,43.9755434076635
19,0.9391307830810547,4549,4400,149,38.75072636912922
20,0.8783340454101562,4547,4400,147,41.4147671834962
21,0.8447170257568359,4549,4400,149,43.08188291504374
22,0.8289813995361328,4548,4400,148,43.890007689387396
23,0.7901191711425781,4548,4400,148,46.04874976946289
24,0.9748935699462891,4547,4400,147,37.312790976766934
25,0.8213520050048828,4548,4400,148,44.29769426298984
26,0.9615421295166016,4548,4400,148,37.83921565484751
27,0.9360313415527344,4548,4400,148,38.870493310239425
28,0.9438991546630859,4549,4400,149,38.55496619550391
29,1.0170936584472656,4548,4400,148,35.77251681575246
30,0.8196830749511719,4549,4400,149,44.397647227457824
31,0.8168220520019531,4547,4400,147,44.53356751430239
32,0.8656978607177734,4547,4400,147,42.019279070228585
33,0.8838176727294922,4547,4400,147,41.15781017102778
34,0.858306884765625,4547,4400,147,42.381111751111106
35,1.0373592376708984,4547,4400,147,35.06596237738451
36,1.1506080627441406,4549,4400,149,31.628493818483218
37,0.9140968322753906,4549,4400,149,39.811974743870636
38,0.9191036224365234,4549,4400,149,39.59510017328145
39,1.0287761688232422,4548,4400,148,35.36629356570104
40,0.8072853088378906,4547,4400,147,45.05965809332546
41,1.0008811950683594,4548,4400,148,36.35196682610767
42,1.0595321655273438,4547,4400,147,34.332133731773176
43,0.9667873382568359,4549,4400,149,37.64219757533909
44,0.7989406585693359,4547,4400,147,45.53029015338705
45,0.8492469787597656,4548,4400,148,42.84266050982594
46,0.8018016815185547,4549,4400,149,45.38778208980077
47,0.7753372192382812,4549,4400,149,46.93699605412054
48,0.8792877197265625,4547,4400,147,41.369848780911056
49,0.7789134979248047,4548,4400,148,46.71122030486685
50,0.8075237274169922,4547,4400,147,45.04635438559197
51,0.8459091186523438,4548,4400,148,43.01171272153326
52,0.7801055908203125,4548,4400,148,46.63984007823961
53,0.9162425994873047,4548,4400,148,39.71000695706479
54,0.8313655853271484,4548,4400,148,43.76414015944938
55,0.80108642578125,4549,4400,149,45.428306895238094
56,1.035928726196289,4548,4400,148,35.12210741910241
57,0.9317398071289062,4547,4400,147,39.04094224769703
58,0.9438991546630859,4547,4400,147,38.538015232129325
59,0.7839202880859375,4548,4400,148,46.412882218978105
60,0.7953643798828125,4547,4400,147,45.73501268105516
61,0.8845329284667969,4549,4400,149,41.142617565498654
62,0.8180141448974609,4548,4400,148,44.478448480326435
63,0.881195068359375,4548,4400,148,41.28938223376623
64,0.8211135864257812,4548,4400,148,44.31055654355401
65,0.9255409240722656,4549,4400,149,39.319709213807315
66,0.8862018585205078,4548,4400,148,41.056108887812755
67,0.7660388946533203,4547,4400,147,47.485839497043266
68,0.8325576782226562,4548,4400,148,43.70147672852234
69,0.8716583251953125,4548,4400,148,41.74112602188183
70,0.9820461273193359,4547,4400,147,37.04102993542122
71,0.9832382202148438,4548,4400,148,37.00425721047527
72,0.7894039154052734,4547,4400,147,46.080338962247055
73,0.8351802825927734,4548,4400,148,43.56424685583785
74,0.7965564727783203,4547,4400,147,45.666567585752766
75,0.8802413940429688,4548,4400,148,41.334116125677134
76,0.8254051208496094,4549,4400,149,44.089864577700745
77,0.8349418640136719,4548,4400,148,43.57668667504283
78,0.8442401885986328,4548,4400,148,43.096740111832816
79,0.9164810180664062,4548,4400,148,39.69967657023933
80,0.8563995361328125,4548,4400,148,42.48484318930958
81,0.7925033569335938,4547,4400,147,45.900121030084236
82,0.9140968322753906,4547,4400,147,39.79447112780386
83,0.8213520050048828,4548,4400,148,44.29769426298984
84,0.8845329284667969,4548,4400,148,41.133573244204854
85,0.8070468902587891,4548,4400,148,45.082882344460856
86,0.7870197296142578,4548,4400,148,46.230098980914875
87,0.9617805480957031,4548,4400,148,37.82983558155677
88,0.9171962738037109,4549,4400,149,39.677439866909275
89,0.9818077087402344,4548,4400,148,37.0581730781933
90,0.7755756378173828,4548,4400,148,46.91225230126038
91,0.7922649383544922,4547,4400,147,45.913933886247364
92,0.8988380432128906,4548,4400,148,40.47892751618038
93,0.8099079132080078,4548,4400,148,44.923625768619374
94,0.7898807525634766,4548,4400,148,46.06264918080289
95,0.8039474487304688,4547,4400,147,45.246738524317905
96,1.0728836059570312,4549,4400,149,33.91980248177778
97,0.7970333099365234,4549,4400,149,45.659321318576126
98,0.7607936859130859,4548,4400,148,47.823740750861795
99,0.7736682891845703,4548,4400,148,47.02790654422188
100,0.8473396301269531,4548,4400,148,42.93909868767586
101,0.9305477142333984,4547,4400,147,39.090956265436844
102,0.8268356323242188,4547,4400,147,43.99423365167243
103,0.9517669677734375,4547,4400,147,38.219439454909825
104,0.888824462890625,4548,4400,148,40.93496693562231
105,0.835418701171875,4549,4400,149,43.56139017351598
106,0.9057521820068359,4548,4400,148,40.169928069491974
107,0.9057521820068359,4548,4400,148,40.169928069491974
108,0.8153915405273438,4549,4400,149,44.63131905497076
109,0.8432865142822266,4548,4400,148,43.14547829686175
110,0.8237361907958984,4547,4400,147,44.15976911837916
111,0.7746219635009766,4549,4400,149,46.98033584733764
112,0.9505748748779297,4548,4400,148,38.275785486832206
113,0.8115768432617188,4549,4400,149,44.841101988249115
114,0.8568763732910156,4548,4400,148,42.4612010951586
115,0.7915496826171875,4547,4400,147,45.955422380722894
116,0.8227825164794922,4549,4400,149,44.23040022254419
117,0.8873939514160156,4549,4400,149,41.009970759806556
118,0.8120536804199219,4547,4400,147,44.79506820434528
119,0.8122920989990234,4549,4400,149,44.801617601408864
120,1.0383129119873047,4548,4400,148,35.04145964087256
121,0.8630752563476562,4548,4400,148,42.156231142541436
122,0.8645057678222656,4548,4400,148,42.08647455488141
123,0.8213520050048828,4547,4400,147,44.28795422467344
124,0.8761882781982422,4549,4400,149,41.5344520185034
125,1.0075569152832031,4548,4400,148,36.111111390440136
126,0.8051395416259766,4549,4400,149,45.1996183500148
127,0.8053779602050781,4547,4400,147,45.16637131557134
128,0.8623600006103516,4549,4400,149,42.20047309040641
129,0.8647441864013672,4548,4400,148,42.07487089495451
130,0.8752346038818359,4547,4400,147,41.56142803159902
131,0.8215904235839844,4549,4400,149,44.29457665931515
132,0.9527206420898438,4548,4400,148,38.189578762762764
133,0.7834434509277344,4549,4400,149,46.45134241265977
134,0.9238719940185547,4547,4400,147,39.37341994941935
135,0.9102821350097656,4548,4400,148,39.970025336825564
136,0.8060932159423828,4548,4400,148,45.136219087843834
137,0.8530616760253906,4548,4400,148,42.651077902738955
138,0.8625984191894531,4547,4400,147,42.17026044886678
139,0.8184909820556641,4548,4400,148,44.45253618875619
140,0.7867813110351562,4548,4400,148,46.24410810181818
141,0.8552074432373047,4548,4400,148,42.544063768051295
142,0.9441375732421875,4548,4400,148,38.536756751515156
143,0.9202957153320312,4549,4400,149,39.54381118341969
144,0.8428096771240234,4549,4400,149,43.17938081131542
145,0.9613037109375,4547,4400,147,37.84027834920634
146,1.0371208190917969,4548,4400,148,35.08173718068966
147,1.0564327239990234,4549,4400,149,34.448005228616566
148,0.9162425994873047,4547,4400,147,39.701275645068954
149,0.8203983306884766,4549,4400,149,44.3589396012787
150,0.8120536804199219,4548,4400,148,44.80491976981797
151,0.9350776672363281,4549,4400,149,38.91869229168791
152,0.8471012115478516,4549,4400,149,42.96062796735153
153,0.8187294006347656,4549,4400,149,44.44936259988352
154,0.8702278137207031,4547,4400,147,41.80054857643835
155,0.83160400390625,4547,4400,147,43.74197313761468
156,0.9334087371826172,4549,4400,149,38.9882787146871
157,0.820159912109375,4548,4400,148,44.362080446511634
158,0.8556842803955078,4548,4400,148,42.520355735859575
159,0.8914470672607422,4549,4400,149,40.82351194650976
160,0.9517669677734375,4548,4400,148,38.2278448737475
161,0.8020401000976562,4549,4400,149,45.37428988347205
162,0.8554458618164062,4549,4400,149,42.54155829654403
163,0.8106231689453125,4548,4400,148,44.88398727529412
164,0.7395744323730469,4549,4400,149,49.20667671437782
165,1.077890396118164,4548,4400,148,33.75482343198408
166,0.8385181427001953,4547,4400,147,43.38129152800683
167,0.8091926574707031,4548,4400,148,44.963334335886856
168,0.7946491241455078,4548,4400,148,45.78624564536454
169,0.8637905120849609,4548,4400,148,42.12132396798234
170,0.8845329284667969,4548,4400,148,41.133573244204854
171,0.8003711700439453,4547,4400,147,45.44891340601728
172,0.8356571197509766,4548,4400,148,43.539388512410845
173,0.8857250213623047,4548,4400,148,41.07821177281292
174,0.9732246398925781,4547,4400,147,37.376776654581086
175,0.8800029754638672,4548,4400,148,41.34531474830669
176,0.8065700531005859,4547,4400,147,45.09961640673958
177,0.8950233459472656,4549,4400,149,40.66039189344699
178,0.8115768432617188,4548,4400,148,44.83124463454759
179,0.8249282836914062,4546,4400,146,44.086256610404625
180,1.0480880737304688,4549,4400,149,34.72227278616925
181,0.8270740509033203,4549,4400,149,44.00089684865956
182,0.8301734924316406,4549,4400,149,43.836620094198736
183,0.8759498596191406,4549,4400,149,41.545756986390856
184,0.8614063262939453,4548,4400,148,42.23790665264324
185,0.8950233459472656,4549,4400,149,40.66039189344699
186,0.7936954498291016,4549,4400,149,45.851340092520275
187,0.8790493011474609,4548,4400,148,41.39016998535395
188,0.9095668792724609,4548,4400,148,40.00145654941022
189,0.8740425109863281,4548,4400,148,41.627265885433715
190,1.0104179382324219,4549,4400,149,36.016779416705994
191,0.8380413055419922,4549,4400,149,43.4250671886202
192,0.8294582366943359,4547,4400,147,43.85513144696752
193,0.9112358093261719,4548,4400,148,39.92819380847723
194,0.8730888366699219,4548,4400,148,41.67273531840524
195,0.8945465087890625,4548,4400,148,40.673122797441366
196,0.8838176727294922,4548,4400,148,41.166861811707584
197,0.9071826934814453,4548,4400,148,40.106585213140605
198,0.7867813110351562,4547,4400,147,46.233940092121216
199,0.8494853973388672,4548,4400,148,42.830636187482455
200,0.9768009185791016,4548,4400,148,37.24812222016109
201,0.8790493011474609,4548,4400,148,41.39016998535395
202,0.8320808410644531,4547,4400,147,43.716906104298
203,0.8924007415771484,4547,4400,147,40.76195626609671
204,0.7901191711425781,4549,4400,149,46.05887482438141
205,0.8800029754638672,4548,4400,148,41.34531474830669
206,0.7946491241455078,4548,4400,148,45.78624564536454
207,0.8206367492675781,4549,4400,149,44.34605205345729
208,0.7660388946533203,4547,4400,147,47.485839497043266
209,0.942230224609375,4548,4400,148,38.6147663805668
210,0.9386539459228516,4548,4400,148,38.761888934721874
211,0.7672309875488281,4547,4400,147,47.41205789434431
212,0.7486343383789062,4548,4400,148,48.600495775796176
213,0.8001327514648438,4549,4400,149,45.482452672228845
214,0.7622241973876953,4548,4400,148,47.733987092899596
215,0.911712646484375,4548,4400,148,39.907310861924685
216,0.7665157318115234,4549,4400,149,47.47717299160187
217,0.9307861328125,4549,4400,149,39.098132983606554
218,0.8280277252197266,4547,4400,147,43.93089614281601
219,0.7843971252441406,4547,4400,147,46.37446878541033
220,0.7510185241699219,4548,4400,148,48.446208487619046
221,0.8270740509033203,4548,4400,148,43.99122419602191
222,0.8363723754882812,4548,4400,148,43.5021541436716
223,0.9446144104003906,4549,4400,149,38.525772632004035
224,0.7958412170410156,4548,4400,148,45.71766229358897
225,0.9047985076904297,4546,4400,146,40.19458441949934
226,0.8702278137207031,4549,4400,149,41.818934566575344
227,0.81634521484375,4548,4400,148,44.56937988785047
228,0.827789306640625,4548,4400,148,43.95321334562212
229,0.7867813110351562,4548,4400,148,46.24410810181818
230,0.9090900421142578,4547,4400,147,40.01363815997902
231,0.8244514465332031,4548,4400,148,44.131161577790635
232,0.8602142333984375,4548,4400,148,42.29644033702883
233,0.8413791656494141,4548,4400,148,43.24328612524795
234,0.8995532989501953,4547,4400,147,40.43784847707394
235,0.8955001831054688,4549,4400,149,40.63874099254526
236,0.8661746978759766,4549,4400,149,42.014619093861825
237,0.8988380432128906,4549,4400,149,40.487827896021216
238,0.9086132049560547,4547,4400,147,40.03463718289163
239,0.80108642578125,4548,4400,148,45.418320457142855
240,0.7967948913574219,4547,4400,147,45.65290314302813
241,0.8449554443359375,4547,4400,147,43.05079071783295
242,0.9143352508544922,4549,4400,149,39.801593524902216
243,0.8637905120849609,4549,4400,149,42.130585472812584
244,0.8633136749267578,4547,4400,147,42.13532237061585
245,0.8561611175537109,4548,4400,148,42.49667411194653
246,0.8656978607177734,4549,4400,149,42.03776126907188
247,0.8494853973388672,4548,4400,148,42.830636187482455
248,0.7724761962890625,4548,4400,148,47.100480474074075
249,0.7917881011962891,4548,4400,148,45.95168826738934
250,0.8220672607421875,4548,4400,148,44.259152185614845
251,0.8764266967773438,4548,4400,148,41.51402522742111
252,0.8862018585205078,4548,4400,148,41.056108887812755
253,0.7851123809814453,4548,4400,148,46.342410184026726
254,0.8199214935302734,4548,4400,148,44.37498015004361
255,0.8058547973632812,4548,4400,148,45.149572998816566
256,0.8356571197509766,4549,4400,149,43.54896181683309
257,0.9517669677734375,4549,4400,149,38.236250292585176
258,1.3680458068847656,4550,4400,150,26.607296200766818
259,0.9889602661132812,4549,4400,149,36.798242808100284
260,0.8172988891601562,4549,4400,149,44.52716195099183
261,0.7803440093994141,4548,4400,148,46.62559020348304
262,0.7352828979492188,4548,4400,148,49.48299505058366
263,0.865936279296875,4549,4400,149,42.02618699559471
264,0.8795261383056641,4550,4400,150,41.385921821631875
265,0.8745193481445312,4550,4400,150,41.62286412213741
266,0.9925365447998047,4548,4400,148,36.65759229786212
267,0.8702278137207031,4549,4400,149,41.818934566575344
268,0.7839202880859375,4549,4400,149,46.42308733819951
269,0.8857250213623047,4548,4400,148,41.07821177281292
270,0.8273124694824219,4548,4400,148,43.97854660979827
271,1.5799999237060547,4549,4400,149,23.032912504602383
272,0.8199214935302734,4548,4400,148,44.37498015004361
273,0.8661746978759766,4549,4400,149,42.014619093861825
274,0.8347034454345703,4549,4400,149,43.598717842902026
275,0.9067058563232422,4549,4400,149,40.136500438601104
276,0.7941722869873047,4549,4400,149,45.823810017412185
277,0.7910728454589844,4550,4400,150,46.01346160337553
278,0.8223056793212891,4550,4400,150,44.265777210785735
279,0.8387565612792969,4549,4400,149,43.388036147811256
280,0.8535385131835938,4548,4400,148,42.627250484916196
281,0.8904933929443359,4549,4400,149,40.867231905756356
282,0.8091926574707031,4550,4400,150,44.98310713022982
283,0.8497238159179688,4549,4400,149,42.82803343658811
284,0.8063316345214844,4549,4400,149,45.13279454997043
285,0.9613037109375,4549,4400,149,37.85692241269841
286,0.9334087371826172,4548,4400,148,38.979707978544056
287,0.732421875,4550,4400,150,49.69813333333333
288,0.8208751678466797,4548,4400,148,44.32342629567238
289,0.8463859558105469,4548,4400,148,42.98748077070423
290,0.7834434509277344,4548,4400,148,46.44113108216676
291,0.8225440979003906,4548,4400,148,44.23349470608696
292,0.8220672607421875,4548,4400,148,44.259152185614845
293,0.7944107055664062,4549,4400,149,45.81005737334934
294,0.7696151733398438,4549,4400,149,47.285970002478315
295,0.8378028869628906,4550,4400,150,43.44697370517928
296,0.8306503295898438,4550,4400,150,43.82108656716418
297,0.9174346923828125,4549,4400,149,39.667128681912686
298,0.995635986328125,4549,4400,149,36.551511295019154
299,0.843048095703125,4550,4400,150,43.17665882352941
300,0.8285045623779297,4548,4400,148,43.91526812546763
301,0.9782314300537109,4549,4400,149,37.20183065269315
302,0.8077621459960938,4548,4400,148,45.04296243683589
303,1.0449886322021484,4548,4400,148,34.817603635865844
304,0.8451938629150391,4549,4400,149,43.05757719830747
305,0.8640289306640625,4549,4400,149,42.118960035320086
306,0.812530517578125,4548,4400,148,44.778625802816904
307,0.9479522705078125,4550,4400,150,38.39855774647887
308,0.8795261383056641,4549,4400,149,41.37682601463811
309,0.7734298706054688,4548,4400,148,47.04240343279901
310,0.8182525634765625,4549,4400,149,44.47526549184149
311,0.8637905120849609,4549,4400,149,42.130585472812584
312,0.7760524749755859,4549,4400,149,46.89373614992319
313,0.881195068359375,4548,4400,148,41.28938223376623
314,0.8168220520019531,4549,4400,149,44.55315562405138
315,0.8594989776611328,4549,4400,149,42.340946232454925
316,0.9963512420654297,4549,4400,149,36.525271875568315
317,0.8270740509033203,4550,4400,150,44.010569501297205
318,0.9241104125976562,4550,4400,150,39.38923261093912
319,0.7860660552978516,4549,4400,149,46.29636371489233
320,0.8745193481445312,4549,4400,149,41.613716239912755
321,0.8401870727539062,4550,4400,150,43.323684903518725
322,0.8857250213623047,4549,4400,149,41.087243921399725
323,0.8299350738525391,4548,4400,148,43.839573897155994
324,0.8776187896728516,4548,4400,148,41.45763562510187
325,0.7729530334472656,4550,4400,150,47.09212387415176
326,0.8556842803955078,4550,4400,150,42.53905422123154
327,0.8852481842041016,4548,4400,148,41.1003384691624
328,0.7727146148681641,4549,4400,149,47.09630088491207
329,0.8776187896728516,4549,4400,149,41.46675120021733
330,0.8137226104736328,4549,4400,149,44.7228570665104
331,0.9007453918457031,4549,4400,149,40.40209400952885
332,0.8027553558349609,4548,4400,148,45.32389567448768
333,0.8392333984375,4549,4400,149,43.363383854545454
334,0.8947849273681641,4549,4400,149,40.67122599733547
335,0.904083251953125,4549,4400,149,40.25293016033755
336,0.8025169372558594,4548,4400,148,45.33736088413547
337,0.8885860443115234,4549,4400,149,40.95495335873357
338,0.8718967437744141,4549,4400,149,41.738887385288486
339,0.8566379547119141,4549,4400,149,42.48235768661286
340,0.9360313415527344,4549,4400,149,38.87904003260316
341,0.8664131164550781,4549,4400,149,42.0030575586131
342,0.8397102355957031,4550,4400,150,43.34828665530949
343,0.8141994476318359,4549,4400,149,44.69666505651538
344,0.7500648498535156,4548,4400,148,48.507805701207886
345,0.8027553558349609,4550,4400,150,45.34382702702703
346,0.8192062377929688,4549,4400,149,44.423489862630966
347,0.8594989776611328,4549,4400,149,42.340946232454925
348,0.8170604705810547,4550,4400,150,44.54994619200467
349,0.8068084716796875,4550,4400,150,45.116035933806145
350,0.9109973907470703,4549,4400,149,39.947425063595915
351,0.9658336639404297,4548,4400,148,37.67108287731424
352,1.0137557983398438,4548,4400,148,35.89030026716839
353,0.8368492126464844,4549,4400,149,43.486926258689465
354,1.0056495666503906,4550,4400,150,36.195511047889994
355,0.9057521820068359,4549,4400,149,40.17876050750198
356,0.9319782257080078,4548,4400,148,39.03953868917881
357,0.9398460388183594,4550,4400,150,38.72974774226281
358,1.0073184967041016,4550,4400,150,36.13554215384615
359,0.8606910705566406,4549,4400,149,42.28230226260388
360,0.9608268737792969,4548,4400,148,37.867383805459056
361,0.8957386016845703,4550,4400,150,40.63685536332179
362,0.8919239044189453,4550,4400,150,40.81065640203154
363,1.020669937133789,4549,4400,149,35.655013120298996
364,1.0313987731933594,4549,4400,149,35.28412186037911
365,1.2285709381103516,4550,4400,150,29.627918804579856
366,1.0445117950439453,4550,4400,150,34.84881661721068
367,0.9937286376953125,4550,4400,150,36.62971823416507
368,0.9596347808837891,4548,4400,148,37.91442403378882
369,0.873565673828125,4548,4400,148,41.64998819213974
370,1.0139942169189453,4550,4400,150,35.89764063014343
371,1.0809898376464844,4549,4400,149,33.66544136921041
372,0.7932186126708984,4549,4400,149,45.87890326660656
373,0.858306884765625,4548,4400,148,42.39043242666666
374,0.8804798126220703,4550,4400,150,41.341095477931226
375,1.1327266693115234,4550,4400,150,32.13484857924647
376,1.1227130889892578,4550,4400,150,32.421462221278404
377,0.9584426879882812,4550,4400,150,37.97827502487562
378,0.9481906890869141,4549,4400,149,38.38046546844355
379,0.8099079132080078,4549,4400,149,44.933503434795405
380,0.9057521820068359,4548,4400,148,40.169928069491974
381,0.6520748138427734,4548,4400,148,55.79727851407678
382,0.8547306060791016,4549,4400,149,42.57715792691771
383,1.0275840759277344,4550,4400,150,35.42289225058004
384,0.7226467132568359,4549,4400,149,50.35932404091059
385,0.9505748748779297,4549,4400,149,38.28420144670178
386,0.7796287536621094,4549,4400,149,46.67862726850153
387,0.7901191711425781,4549,4400,149,46.05887482438141
388,0.8628368377685547,4549,4400,149,42.17715146946671
389,0.7958412170410156,4548,4400,148,45.71766229358897
390,0.7998943328857422,4549,4400,149,45.496009290014904
391,0.8833408355712891,4548,4400,148,41.18908413927125
392,0.7550716400146484,4549,4400,149,48.196751237132936
393,0.77056884765625,4548,4400,148,47.21706582178218
394,0.8358955383300781,4549,4400,149,43.536540549914434
395,0.7417201995849609,4549,4400,149,49.064323744133716
396,0.8072853088378906,4550,4400,150,45.089387359716476
397,0.7634162902832031,4549,4400,149,47.669928534665836
398,0.7727146148681641,4548,4400,148,47.08594777414378
399,0.9033679962158203,4550,4400,150,40.29365679598839
400,0.7462501525878906,4549,4400,149,48.76648919105432
401,0.8246898651123047,4549,4400,149,44.1281038357907
402,0.8921623229980469,4548,4400,148,40.781816337787276
403,0.8013248443603516,4548,4400,148,45.40480712168997
404,0.7941722869873047,4548,4400,148,45.81373663644551
405,0.7483959197998047,4549,4400,149,48.62666810066901
406,0.7107257843017578,4550,4400,150,51.21525179469977
407,0.9741783142089844,4549,4400,149,37.35661066275085
408,0.7066726684570312,4548,4400,148,51.48635517408907
409,0.7650852203369141,4549,4400,149,47.56594302524151
410,0.7641315460205078,4549,4400,149,47.625307696723866
411,0.8273124694824219,4548,4400,148,43.97854660979827
412,0.797271728515625,4549,4400,149,45.64566721531101
413,0.7491111755371094,4550,4400,150,48.59091839592617
414,0.7319450378417969,4550,4400,150,49.73050996742671
415,0.9300708770751953,4548,4400,148,39.11959926582927
416,0.7102489471435547,4549,4400,149,51.238372328969454
417,0.8182525634765625,4550,4400,150,44.48504242424243
418,0.8690357208251953,4550,4400,150,41.885504965706446
419,0.7383823394775391,4549,4400,149,49.2861192018082
420,0.7653236389160156,4549,4400,149,47.55112497445482
421,0.8378028869628906,4549,4400,149,43.437424919749574
422,0.8862018585205078,4548,4400,148,41.056108887812755
423,0.9160041809082031,4548,4400,148,39.72034272149922
424,0.8208751678466797,4549,4400,149,44.33317199186756
425,0.9884834289550781,4548,4400,148,36.80790080463097
426,0.7803440093994141,4549,4400,149,46.63584209227009
427,1.0824203491210938,4548,4400,148,33.613558752422904
428,0.8757114410400391,4549,4400,149,41.55706810999183
429,0.7686614990234375,4550,4400,150,47.35504516129032
430,1.0089874267578125,4548,4400,148,36.059914162570884
431,0.9329319000244141,4550,4400,150,39.016781395348836
432,1.1873245239257812,4550,4400,150,30.65716176706827
433,0.8499622344970703,4548,4400,148,42.80660778008415
434,0.7581710815429688,4549,4400,149,47.99972049308176
435,0.8580684661865234,4549,4400,149,42.4115340839122
436,0.7669925689697266,4549,4400,149,47.44765656450109
437,0.9901523590087891,4550,4400,150,36.76201916686732
438,0.873565673828125,4550,4400,150,41.668303930131
439,1.2521743774414062,4549,4400,149,29.063044776846915
440,0.8831024169921875,4549,4400,149,41.20926327429806
441,0.8809566497802734,4550,4400,150,41.31871870094722
442,0.8547306060791016,4548,4400,148,42.56779825271967
443,0.9768009185791016,4549,4400,149,37.25631222064926
444,0.9257793426513672,4549,4400,149,39.30958309760495
445,0.995635986328125,4549,4400,149,36.551511295019154
446,0.9829998016357422,4550,4400,150,37.029508998302205
447,1.1289119720458984,4549,4400,149,32.2363487155227
448,1.4226436614990234,4549,4400,149,25.580544858052626
449,0.9093284606933594,4549,4400,149,40.02074230938647
450,0.8664131164550781,4549,4400,149,42.0030575586131
451,1.0004043579101562,4550,4400,150,36.385287321258346
452,0.8695125579833984,4549,4400,149,41.853334567589805
453,0.7939338684082031,4549,4400,149,45.83757092132132
454,0.7710456848144531,4548,4400,148,47.18786541001855
455,1.079559326171875,4550,4400,150,33.71746148409894
456,0.9379386901855469,4548,4400,148,38.79144807727504
457,0.7810592651367188,4549,4400,149,46.59313527716728
458,0.7457733154296875,4549,4400,149,48.79766981074169
459,1.0242462158203125,4549,4400,149,35.530519359404096
460,0.8294582366943359,4549,4400,149,43.87442114630641
461,0.8580684661865234,4549,4400,149,42.4115340839122
462,0.965118408203125,4550,4400,150,37.71557944664032
463,0.9872913360595703,4550,4400,150,36.86855001207437
464,0.8344650268554688,4549,4400,149,43.611174619428574
465,0.9679794311523438,4550,4400,150,37.604104827586205
466,0.9796619415283203,4548,4400,148,37.13934211146264
467,0.8807182312011719,4549,4400,149,41.32082056524093
468,0.9124279022216797,4550,4400,150,39.8935629997387
469,0.8962154388427734,4548,4400,148,40.597381414205906
470,0.9772777557373047,4548,4400,148,37.22994797170041
471,1.1699199676513672,4548,4400,148,31.099563223150604
472,0.9188652038574219,4549,4400,149,39.605373940840686
473,1.0142326354980469,4548,4400,148,35.873426595204506
474,0.8835792541503906,4549,4400,149,41.187024060442525
475,1.0008811950683594,4549,4400,149,36.35995978275369
476,0.9083747863769531,4550,4400,150,40.07156577427821
477,0.9262561798095703,4548,4400,148,39.28070958455598
478,0.9758472442626953,4549,4400,149,37.292722005375026
479,1.1076927185058594,4550,4400,150,32.86109892380542
480,1.0483264923095703,4550,4400,150,34.72200718671822
481,0.9708404541015625,4549,4400,149,37.48504694695481
482,1.004934310913086,4550,4400,150,36.221272977461446
483,0.9758472442626953,4548,4400,148,37.28452400097728
484,0.8738040924072266,4549,4400,149,41.64777930914052
485,1.1017322540283203,4548,4400,148,33.02435765764986
486,0.9937286376953125,4549,4400,149,36.62166774664108
487,1.0695457458496094,4550,4400,150,34.03313990191708
488,1.066446304321289,4549,4400,149,34.12454978046054
489,1.0266304016113281,4549,4400,149,35.448005380399444
490,1.0502338409423828,4548,4400,148,34.64371322043133
491,0.8234977722167969,4548,4400,148,44.18226888708743
492,1.0559558868408203,4549,4400,149,34.463560886881915
493,1.0395050048828125,4549,4400,149,35.00897045137614
494,0.8904933929443359,4549,4400,149,40.867231905756356
495,0.8006095886230469,4549,4400,149,45.45536365932102
496,1.470804214477539,4548,4400,148,24.73748690808883
497,1.1296272277832031,4549,4400,149,32.21593735078092
498,0.8740425109863281,4549,4400,149,41.6364187583197
499,1.1663436889648438,4550,4400,150,31.208639738348324
500,0.9777545928955078,4550,4400,150,37.228155474274566
501,0.965118408203125,4548,4400,148,37.699001169960475
502,0.8766651153564453,4550,4400,150,41.52098602121294
503,1.0504722595214844,4549,4400,149,34.64346599364502
504,1.2176036834716797,4548,4400,148,29.881644162130407
505,0.8628368377685547,4550,4400,150,42.18642321083172
506,1.1496543884277344,4548,4400,148,31.647772031522187
507,1.0228157043457031,4549,4400,149,35.5802123934732
508,1.096487045288086,4549,4400,149,33.189630608393124
509,0.8924007415771484,4549,4400,149,40.779885430937746
510,1.2488365173339844,4549,4400,149,29.14072378159603
511,1.2791156768798828,4548,4400,148,28.444651768126747
512,1.0058879852294922,4549,4400,149,36.17897870775066
513,1.0268688201904297,4549,4400,149,35.43977505641978
514,1.1959075927734375,4549,4400,149,30.430444810207337
515,0.9832382202148438,4548,4400,148,37.00425721047527
516,1.4774799346923828,4548,4400,148,24.625715142165564
517,1.0204315185546875,4548,4400,148,35.65550391028037
518,1.2309551239013672,4548,4400,148,29.557535683904707
519,0.9481906890869141,4549,4400,149,38.38046546844355
520,1.211404800415039,4550,4400,150,30.04775941743751
521,1.0838508605957031,4550,4400,150,33.583956357237135
522,0.9636878967285156,4548,4400,148,37.75496208213756
523,0.8716583251953125,4549,4400,149,41.75030392997812
524,1.1589527130126953,4550,4400,150,31.407666241514093
525,2.81524658203125,4548,4400,148,12.92391232520325
526,1.2543201446533203,4549,4400,149,29.013326585820185
527,1.2493133544921875,4550,4400,150,29.13600488549618
528,1.4150142669677734,4550,4400,150,25.724122257792754
529,1.2969970703125,4549,4400,149,28.05866014117647
530,1.2755393981933594,4549,4400,149,28.530674984672896
531,0.9913444519042969,4548,4400,148,36.70167309668109
532,1.41143798828125,4549,4400,149,25.783633643243242
533,1.0056495666503906,4549,4400,149,36.187555990516834
534,1.2102127075195312,4549,4400,149,30.070746881008667
535,1.0678768157958984,4550,4400,150,34.08632855548114
536,8.515357971191406,4548,4400,148,4.272750496584163
537,2.019643783569336,4550,4400,150,18.02298023846063
538,4.304170608520508,4549,4400,149,8.455055180191657
539,0.9722709655761719,4548,4400,148,37.42166668366847
540,1.584768295288086,4550,4400,150,22.968657379268844
541,1.3241767883300781,4549,4400,149,27.482735176089303
542,5.723714828491211,4548,4400,148,6.3567108233431915
543,1.1208057403564453,4549,4400,149,32.46949822761115
544,1.1394023895263672,4548,4400,148,31.932529134965474
545,1.155853271484375,4549,4400,149,31.48496517491749
546,1.0554790496826172,4549,4400,149,34.4791306004066
547,2.922534942626953,4549,4400,149,12.452203554250286
548,1.1467933654785156,4549,4400,149,31.733702945530144
549,0.9837150573730469,4550,4400,150,37.0025849733398
550,1.1005401611328125,4550,4400,150,33.07466759098787
551,0.9660720825195312,4548,4400,148,37.66178596643633
552,0.8502006530761719,4550,4400,150,42.81342277061133
553,1.148223876953125,4549,4400,149,31.694167601328903
554,0.965118408203125,4548,4400,148,37.699001169960475
555,1.058340072631836,4550,4400,150,34.393481775174585
556,0.7970333099365234,4550,4400,150,45.669358540233326
557,0.9667873382568359,4548,4400,148,37.63392274623921
558,0.7748603820800781,4549,4400,149,46.96588035938462
559,1.0805130004882812,4550,4400,150,33.68770203000883
560,0.911712646484375,4549,4400,149,39.916085556485356
561,1.3613700866699219,4549,4400,149,26.731893374430822
562,0.8225440979003906,4549,4400,149,44.243220628405794
563,0.7758140563964844,4548,4400,148,46.89783550583896
564,0.8158683776855469,4549,4400,149,44.60523412273525
565,1.0387897491455078,4549,4400,149,35.03307577874685
566,0.9250640869140625,4549,4400,149,39.33997710515464
567,0.7619857788085938,4548,4400,148,47.74892263329161
568,0.8671283721923828,4549,4400,149,41.96841109925763
569,0.9102821350097656,4550,4400,150,39.98760230487166
570,0.8485317230224609,4548,4400,148,42.87877401966845
571,0.7913112640380859,4549,4400,149,45.9894881494426
572,0.7610321044921875,4548,4400,148,47.808758375939846
573,0.7615089416503906,4548,4400,148,47.77882177082029
574,1.0001659393310547,4548,4400,148,36.37796346507748
575,0.7257461547851562,4550,4400,150,50.15527779237845
576,0.9033679962158203,4549,4400,149,40.28480104724201
577,0.8087158203125,4548,4400,148,44.98984573584906
578,0.972747802734375,4550,4400,150,37.41977098039215
579,0.7786750793457031,4550,4400,150,46.746070300061234
580,0.8921623229980469,4549,4400,149,40.79078331587387
581,0.8752346038818359,4548,4400,148,41.57056843802779
582,0.8878707885742188,4548,4400,148,40.97893575080558
583,1.0733604431152344,4549,4400,149,33.90473371123945
584,0.9639263153076172,4549,4400,149,37.75392311847638
585,0.9255409240722656,4549,4400,149,39.319709213807315
586,1.4739036560058594,4549,4400,149,24.690894721449368
587,0.8504390716552734,4549,4400,149,42.79201322343706
588,0.9222030639648438,4549,4400,149,39.46202460392968
589,0.7970333099365234,4550,4400,150,45.669358540233326
590,1.1968612670898438,4549,4400,149,30.406197443824702
591,0.8358955383300781,4549,4400,149,43.536540549914434
592,0.7691383361816406,4548,4400,148,47.3048842951023
593,0.751495361328125,4548,4400,148,48.415468507614214
594,0.9496212005615234,4548,4400,148,38.314224638714535
595,0.8921623229980469,4549,4400,149,40.79078331587387
596,0.7731914520263672,4548,4400,148,47.05690926179464
597,0.9560585021972656,4549,4400,149,38.06461625137157
598,0.8404254913330078,4550,4400,150,43.31139449645391
599,0.8904933929443359,4549,4400,149,40.867231905756356
600,0.7634162902832031,4548,4400,148,47.65944932417239
601,0.7617473602294922,4549,4400,149,47.77436969264476
602,1.0004043579101562,4549,4400,149,36.37729055481411
603,0.9768009185791016,4549,4400,149,37.25631222064926
604,0.8683204650878906,4549,4400,149,41.91079384074684
605,0.8299350738525391,4549,4400,149,43.849213205400744
606,0.7951259613037109,4550,4400,150,45.778910224887554
607,1.0173320770263672,4550,4400,150,35.77986069838294
608,0.7843971252441406,4549,4400,149,46.394866616413374
609,0.8554458618164062,4550,4400,150,42.550910144927535
610,0.8156299591064453,4548,4400,148,44.60846440689856
611,1.1017322540283203,4550,4400,150,33.03888024237178
612,0.9355545043945312,4549,4400,149,38.89885605708461
613,1.013040542602539,4550,4400,150,35.931434596375624
614,0.9675025939941406,4548,4400,148,37.606100723509115
615,1.04522705078125,4549,4400,149,34.81731550364963
616,0.9958744049072266,4549,4400,149,36.54276063394781
617,1.010894775390625,4550,4400,150,36.0077041509434
618,1.5223026275634766,4550,4400,150,23.911145747846515
619,0.9834766387939453,4549,4400,149,37.00342088921212
620,0.8683204650878906,4549,4400,149,41.91079384074684
621,0.9021759033203125,4550,4400,150,40.34689894291755
622,0.9667873382568359,4550,4400,150,37.650472404438965
623,0.87738037109375,4548,4400,148,41.468901286956516
624,0.9195804595947266,4550,4400,150,39.58326823956443
625,0.7894039154052734,4549,4400,149,46.10060742011477
626,1.6970634460449219,4549,4400,149,21.444101035122223
627,0.9653568267822266,4549,4400,149,37.69797756680662
628,0.8599758148193359,4549,4400,149,42.31746913446077
629,0.9589195251464844,4549,4400,149,37.95104703331676
630,1.0318756103515625,4548,4400,148,35.26006394085027
631,1.0151863098144531,4549,4400,149,35.84760713198685
632,0.8275508880615234,4548,4400,148,43.96587632843561
633,1.071929931640625,4549,4400,149,33.94998024199288
634,0.9310245513916016,4548,4400,148,39.079527973367476
635,0.9901523590087891,4548,4400,148,36.74586003756321
636,0.7550716400146484,4549,4400,149,48.196751237132936
637,1.0025501251220703,4548,4400,148,36.29145225588585
638,0.9012222290039062,4549,4400,149,40.38071724021164
639,0.9315013885498047,4549,4400,149,39.06811138162273
640,1.1107921600341797,4548,4400,148,32.7550025189955
641,1.0099411010742188,4550,4400,150,36.04170576015108
642,0.850677490234375,4548,4400,148,42.770615677130046
643,0.9050369262695312,4548,4400,148,40.201674587987355
644,1.0235309600830078,4548,4400,148,35.547532433263456
645,0.8594989776611328,4549,4400,149,42.340946232454925
646,0.9005069732666016,4549,4400,149,40.41279088377019
647,0.79345703125,4550,4400,150,45.8752
648,0.8215904235839844,4548,4400,148,44.284839447475335
649,1.0631084442138672,4549,4400,149,34.23169122404126
650,0.7994174957275391,4548,4400,148,45.51313949776319
651,0.7588863372802734,4550,4400,150,47.96502218033302
652,0.9067058563232422,4550,4400,150,40.14532358664212
653,0.8280277252197266,4548,4400,148,43.94055765505327
654,1.0364055633544922,4548,4400,148,35.10594817943409
655,0.8103847503662109,4548,4400,148,44.897192331862314
656,0.7653236389160156,4550,4400,150,47.56157806853582
657,0.8060932159423828,4547,4400,147,45.126294677314405
658,0.8778572082519531,4549,4400,149,41.45548918196632
659,1.0232925415039062,4550,4400,150,35.57145051258155
660,0.8971691131591797,4549,4400,149,40.56314407866064
661,0.7522106170654297,4549,4400,149,48.38006693122029
662,0.9267330169677734,4548,4400,148,39.260498259840496
663,1.0192394256591797,4549,4400,149,35.70505524397661
664,0.9362697601318359,4549,4400,149,38.86913958950853
665,0.7672309875488281,4548,4400,148,47.422485001864516
666,0.92315673828125,4548,4400,148,39.4125921322314
667,0.9264945983886719,4550,4400,150,39.28787071538858
668,0.8332729339599609,4548,4400,148,43.66396473133047
669,0.9005069732666016,4548,4400,148,40.40390699920572
670,0.8099079132080078,4550,4400,150,44.94338110097145
671,0.9102821350097656,4550,4400,150,39.98760230487166
672,0.8947849273681641,4549,4400,149,40.67122599733547
673,0.9899139404296875,4550,4400,150,36.7708732177264
674,1.6324520111083984,4549,4400,149,22.292845212209727
675,0.8878707885742188,4550,4400,150,40.996956390977445
676,0.8738040924072266,4549,4400,149,41.64777930914052
677,0.8208751678466797,4549,4400,149,44.33317199186756
678,0.7276535034179688,4548,4400,148,50.001820686762784
679,0.9038448333740234,4550,4400,150,40.2723992614086
680,0.8831024169921875,4549,4400,149,41.20926327429806
681,0.8959770202636719,4549,4400,149,40.61711313677488
682,0.8399486541748047,4548,4400,148,43.316933504399664
683,1.0232925415039062,4549,4400,149,35.56363261136999
684,0.9250640869140625,4549,4400,149,39.33997710515464
685,0.7770061492919922,4550,4400,150,46.846476096962256
686,0.8249282836914062,4549,4400,149,44.115350048554916
687,0.9045600891113281,4549,4400,149,40.23171090353189
688,1.0619163513183594,4549,4400,149,34.27011925639874
689,0.8661746978759766,4549,4400,149,42.014619093861825
690,0.8413791656494141,4549,4400,149,43.25279432360442
691,0.7679462432861328,4549,4400,149,47.388733675256134
692,0.8609294891357422,4548,4400,148,42.26130067460537
693,1.0273456573486328,4548,4400,148,35.415538810860994
694,1.058340072631836,4549,4400,149,34.38592276819104
695,0.7636547088623047,4550,4400,150,47.66552157352482
696,0.9768009185791016,4550,4400,150,37.26450222113742
697,0.7970333099365234,4549,4400,149,45.659321318576126
698,0.7798671722412109,4549,4400,149,46.66435682298991
699,0.8330345153808594,4549,4400,149,43.68606501659989
700,0.9593963623046875,4550,4400,150,37.940523260437374
701,0.8804798126220703,4549,4400,149,41.33200952288112
702,0.7669925689697266,4549,4400,149,47.44765656450109
703,0.9260177612304688,4549,4400,149,39.299462195674565
704,0.8969306945800781,4548,4400,148,40.565007106858054
705,0.9126663208007812,4548,4400,148,39.86561043260188
706,0.89263916015625,4549,4400,149,40.76899336752137
707,0.8509159088134766,4549,4400,149,42.76803338974503
708,0.8087158203125,4549,4400,149,44.999737962264156
709,0.8859634399414062,4550,4400,150,41.08521679224973
710,0.8969306945800781,4548,4400,148,40.565007106858054
711,0.8950233459472656,4548,4400,148,40.65145357911561
712,0.8234977722167969,4549,4400,149,44.19198354603358
713,1.100301742553711,4549,4400,149,33.07456363336945
714,0.87738037109375,4548,4400,148,41.468901286956516
715,0.9503364562988281,4549,4400,149,38.29380611339689
716,0.8471012115478516,4550,4400,150,42.970071939206306
717,1.7778873443603516,4549,4400,149,20.46923845621564
718,1.1200904846191406,4550,4400,150,32.49737454235845
719,0.8251667022705078,4549,4400,149,44.10260363132043
720,0.7941722869873047,4549,4400,149,45.823810017412185
721,0.8976459503173828,4549,4400,149,40.54159659176627
722,0.9934902191162109,4548,4400,148,36.62240382433406
723,0.7688999176025391,4548,4400,148,47.319552476279064
724,0.8859634399414062,4549,4400,149,41.07618707427341
725,0.8413791656494141,4550,4400,150,43.2623025219609
726,0.7781982421875,4550,4400,150,46.774713725490194
727,0.86212158203125,4550,4400,150,42.22142300884956
728,1.1055469512939453,4550,4400,150,32.92487936165624
729,0.7140636444091797,4550,4400,150,50.975848280467446
730,0.8513927459716797,4548,4400,148,42.734684048165775
731,0.8451938629150391,4548,4400,148,43.04811191424542
732,0.8444786071777344,4550,4400,150,43.10351936758893
733,0.77056884765625,4549,4400,149,47.22744776237624
734,1.2671947479248047,4550,4400,150,28.724866528692377
735,0.8487701416015625,4548,4400,148,42.86672942022472
736,0.7808208465576172,4549,4400,149,46.60736218870229
737,0.9181499481201172,4549,4400,149,39.636227257335754
738,0.7545948028564453,4549,4400,149,48.227207320063194
739,0.7908344268798828,4549,4400,149,46.01721771721435
740,0.8375644683837891,4548,4400,148,43.44023818274979
741,0.8683204650878906,4549,4400,149,41.91079384074684
742,0.8549690246582031,4548,4400,148,42.55592770105968
743,0.8387565612792969,4549,4400,149,43.388036147811256
744,0.9224414825439453,4550,4400,150,39.460497699663996
745,0.93841552734375,4549,4400,149,38.78026198373984
746,0.7965564727783203,4550,4400,150,45.69669727626459
747,0.8721351623535156,4548,4400,148,41.718304192454895
748,0.9272098541259766,4550,4400,150,39.25756379532014
749,0.7605552673339844,4548,4400,148,47.83873251912225
750,0.9901523590087891,4550,4400,150,36.76201916686732
751,0.8718967437744141,4550,4400,150,41.74806278370249
752,1.1019706726074219,4549,4400,149,33.02447234270878
753,0.7295608520507812,4548,4400,148,49.87109697254902
754,0.8509159088134766,4549,4400,149,42.76803338974503
755,0.7951259613037109,4549,4400,149,45.768848925937036
756,0.9329319000244141,4549,4400,149,39.00820627855865
757,0.9570121765136719,4548,4400,148,38.01832504633782
758,0.8013248443603516,4549,4400,149,45.414790588515324
759,0.7531642913818359,4549,4400,149,48.318806954099394
760,0.7691383361816406,4549,4400,149,47.31528554494731
761,0.9007453918457031,4550,4400,150,40.41097554261514
762,0.9834766387939453,4550,4400,150,37.011555296969696
763,0.7526874542236328,4549,4400,149,48.34941753816915
764,0.6854534149169922,4550,4400,150,53.10353586086957
765,1.005411148071289,4549,4400,149,36.19613734123784
766,0.8780956268310547,4550,4400,150,41.453343904425736
767,0.9565353393554688,4550,4400,150,38.05400438683948
768,0.7410049438476562,4549,4400,149,49.11168312998713
769,0.9012222290039062,4548,4400,148,40.37184040634921
770,0.8866786956787109,4550,4400,150,41.05207464372143
771,0.8873939514160156,4549,4400,149,41.009970759806556
772,0.8437633514404297,4548,4400,148,43.12109543260808
773,0.8852481842041016,4549,4400,149,41.10937548289793
774,0.8852481842041016,4550,4400,150,41.11841249663345
775,0.827789306640625,4549,4400,149,43.962877640552996
776,0.7717609405517578,4550,4400,150,47.164864257028114
777,0.7405281066894531,4549,4400,149,49.1433068795879
778,0.8947849273681641,4550,4400,150,40.68016669331202
779,0.8115768432617188,4549,4400,149,44.841101988249115
780,0.9996891021728516,4549,4400,149,36.40331771237777
781,0.8540153503417969,4548,4400,148,42.60344967504188
782,0.8757114410400391,4550,4400,150,41.56620353934114
783,0.9984970092773438,4549,4400,149,36.44677917096466
784,0.8170604705810547,4550,4400,150,44.54994619200467
785,0.7956027984619141,4550,4400,150,45.7514730596344
786,0.8127689361572266,4549,4400,149,44.77533328483426
787,0.9126663208007812,4549,4400,149,39.87437595820272
788,1.0089874267578125,4549,4400,149,36.06784290359168
789,0.7879734039306641,4549,4400,149,46.18429989954615
790,0.7419586181640625,1430,1281,149,15.41864966580977
